Song1;Song2;rapSong1;rapSong2;cosine;jaccard;sor dice;over coe;jaro;Clustering
tonighthesailedagain;iloveyouyesido;pbbbb-8bb+1bb+11bbb-2b0bbbbpbb-4bb-4bb+1bb+7bbb-2b0bbbbpbb-3bb+5bb-2bb0bbb0b-2bb+4bb-5bb-2bb-2bb+2bb+2bbbbbbbbpbb+3bb-8bb+1bb+11bbb-2b-4bbbb;pbbbb0bb0bb0bbb-3b0bbbb0bb+2bb0bb0bb0bbb-4b-4bbbbbb-3bb+5bb-2bb0bbb-2b0bbbbpbbbb-5bb+2bb;0.7387687194103584;0.5616438356164384;0.7192982456140351;0.9318181818181818;0.7619417168197655;0
thehappywhistler;sanfranciscobrewingad;bbbb0bbbb+5bb0bbpbb0bbbb+4bbbb+3bb+2bb-2bb-7bbpbb+4b-2bb-2bb-3b-2bbbb+9bbbb0bbbb-4bb+2bbpbbbbbbbb-7bb0bbbb+5bbbb0bbbb+4bbbb+3bb+2bb-2bb-2bb-1bb-2bb-2bb-3bb-2bbbb+9bbbb0bbbb-2bb-2bbpbbbbbbbb+7bb+2bb0bb+3bbbb0bbbb-3bbbb-2bb+2bb-2bb-3bb0bb-2bb-2bb0bb+4bbbb+3bbbb0bbbb-3bb+3bbpbbbbbbbb0bbbb+2bb0bb+3bb0bb0bbbb-3bbbb-2bb+2bb-2bb-3bb0bb-2bb-2bb-3bb-2bbbb+9bbbb0bbbb-2bb-2bb;bb+3bb0bb+2bb+3b-3b+3b0bb-2b-3b-4b+4bbbbpb+3b+2b-2b+3b-1b-2b-2b+2bb+2bb-14bb+4bb0bb+3bb+5b+2b-2b-3b0b-2b-2b-3b-2bb+12bb0bb-2b-1bpbbbbbb-5bb+5bb0b;0.6112263654571317;0.38005390835579517;0.55078125;0.9724137931034482;0.6649692835766591;1
muehlebachbeersmith;timeformuehlebach;bb-5bb+5bb-5bb+5bb-5bb+5bb-5bb-7bb+5bbbbbbbbbb-5b+2b+1bb+2bb-3bbbbbbbb0bb-5b+1b+2bb+2bb-2bbbbbbbbbb-1b+1b+2bb-3bb-2bbbbbbbbbbbbbb-5b0b+12bbbbbbbb0bb-5b+2b+1bb+2bb-3bbbbbbbb0bb-5b+1b+2bb+2bb-2bbbbbbbbbb-1b+1b+2bb-3bb+1bbbbbbbb;bbbb-4bbbb+4bbbb-4bbbb+4bbbb-4bbbb+4bbbb-4bbbb+4bbbb-4bbbb+4bbbb-4bbbb+4bbbb-4bbbb+4bbbb-4bbbb+4bbbb-4bbbb+4bbbb-4bbbb+4bbbb-4bbbb+4bbbb-4bbbbpbbbb-10bpb+3b0bbbb-2bb+2bbbbbbbbbbbbbbbb-2bbbb-1bpb+1bpb+2bbbb-3bbbb+1bbbbbbbbbbbbbbbb0bbbb;0.8018970858983525;0.6690909090909091;0.8017429193899782;0.8177777777777778;0.7937588257153475;0
mygodandi;mygodanditwo;bbb+3bbb0b-7bb+4bbbb+3bbbbbb-3bb+3bbb0b-2bbb-1b0bbbbbb-4bb+4bbbb-2bbb-2b+4bbbb-2bbbbpbb0bb0bbb+2b-4bbbb-1bbbbbbbb0bbb+1bpbbbbbbbbbb+5bbbbbb0bb+4bbb0b-2bbb-2b-3bbbbbbbb+3bbbb-1bbb-2b+2bbbbbbbbpbb0bb+1bbb+2b-7bbbbbbbbbbbb+2bbb+2b+5bbbbbb0bb+3bbb0b-1bbb-2b-4bbbbbbbb+4bbbb-2bbb-2b+4bbbbbb0bb+3bbb0b-1bbb-2b-4bbbbbb0bb+4bbb0b-2bbb-2b+4bbbb-2bbbbbb+9bb-4bb-5bb-2bbbb-1bbbbbb+3bb0bb-3bb+7bbbbbb-2bb-2bbb0b-2bbb-3b+5bbbbbb-2bb-1bbb0b-2bbb-3b+1bbbbbbbb0bbbbbbbb;bbb+3bbb0bpbb0bbbbbb-3bb+3bb0bb0bbb-3b0bbbb-2bbbbpbb0bb0bbb+2bpbbbbbbbbbb+1bbbbbb0bb+4bb0bb-2bbb-2b-1bbbbbbbbpbb0bb+1bbb+2b+2bbbbbb0bb+3bb0bb-1bbb-2b0bbbb-2bbbbpbb-3bb+3bb+5bb-1bbbbbb-2bb-2bb0bb-2bbb-3b+2bbbbbbbbpbbbbbbbb;0.6889873619661014;0.4780701754385965;0.6468842729970327;0.9864253393665159;0.7369269361706898;1
goodnight;whilewedream;pbb+2b-2b-5bbb-3b+5bbb-1b+1bb-5b+3b+5bb+2b-2b-5bb+2bb+2bbbb0bbpbb-4bpb0bpb+5bb-8b+3b+4bbb-2b-5bbbb0bpb0b+3b+5bb-8b+3b+4bbb-2b-4bbbb0bbpb0b-1bb-2b-1b-11bb-3bb+22bbb0b+3bbb0b0bb-3b-1b+1b+5bb-3b-2bbb-1b-1bb;b-1b-2b-2b+2bbb-2b-7b+2b+2bbbbbb0bbbb0b+3b+2bbbb-4b+4b+2bbbb-4bb+7bbbbbb-2bbpbb-8b0b+8bbbb-8b+3b+4bbbb-2bb-5bbbbbb0bbbb0b+3b+5bbbb-8b+3b+4bbbb-2bb-4bbbbbb0bb-1b+1bpbb+9bbb0b0b0b-2bbbb-10b+3b+7bbb-10b+3b+4b+2bbbb;0.8600639724194833;0.7542372881355932;0.8599033816425121;0.8768472906403941;0.7907115265444729;1
rendezvous;idreamed;pbbbbbbbbb-1b+1bb0b-1b-2b-2b+2b-2b+2bb0b-2b-2b-1b+1b-1b+1bb0b-1b-2b-2b+7bbbbbbbb+7b0b0bb0b-1b-2b-2b+2b-2b+2bb0b-2b-2b-2b+2b-2b+2bb0b-2b-1b-2b+7bbbbbbpbb+3b-1b+1bb0b-1b-2b-2b+2b-2b+2bb0b-2b-2b-1b+1b-1b+1bb0b-1b-2b-2b+9bbbbbbbb;pbb+5bb-1bb+1bb-1bb+1bb-1b+1b0bbb-1b-2bb-2bb+2bb-2bb+2bb-2b+2b0bbb-2b-2bb-1bb+1bb-1b0b+1bb-1bb-2bb-2bb+7bbbbbbbb0bbbbpbb+2bb+5bb-2bb+2bb-2bb+2bb-2b+2b0bbb-2b-1bb-2bb+2bb-2bb+2bb-2b+2b0bbb-2b-2bb+2bb+2bb-2bb-2bb+2bb0bb-4bb+2bbbbbbbbpbb0bb+5bb-1bb+1bb-1bb+1bb-1b+1b0bbb-1b-2bb-2bb+2bb-2bb+2bb-2b+2b0bb-2b0b-2bb-1bb+1bb-1bb+1bb-1bb-2bb-2bb+7bbbbbbbb0bbbbbbbb;0.7855024408027275;0.6201117318435754;0.7655172413793103;0.9866666666666667;0.7536220102582986;0
mizpahshalom;shalom;pbb+1bb+4bb+3bb+5bbbbbbbb+2bb+2bb-5bbbbbbbb-2bb+2bb+1bbbbbbbbbbbb-3bbbb-11bb+1bb+3bb+3bb+6bbbbbbbb+1bb+2bb-5bbbbbbbb+2bb-2bb-5bbbbbbbbbbbb0bbbb+1bbbbbbbb+4bbbbbbbbbbbb-2bbbbbb-3bb+3bb-2bb0bbbbbbbb0bbbb+4bbbb+2bbbb+1bbbb+2bbbbbb-3bb-2b-2bbpb+8bbbbbbbb-4bb-2bb-2bbbbbbbbbbbb0bbbb-8bb+1bb+4bb+3bb+5bbbbbbbb+2bb+2bb-5bbbbbbbb-2bb+2bb-2bbbbbbbbbbbb0bbbb;bbbb+12bbbb0bb0bbbb0bb+1bbbb-1bb-4bbbb+4bb+1bbbb-1bb-2bbpbb0bbbbpb0bbpbb-10bbpbbbb0bb+10bbbb0bb0bbbb0bb+2bbbb-2bb-3bbbb+3bb0bbbbpbb0bb-3bb+2bbpbbbb+1bb-1bbbbpbb-1bb0bpb-3bbpbb+12bbbb0bb0bbbbpbb0bb+2bbbbpbb-2bb-3bbbb+3bb+2bbbb-2bb-4bb+3bbpbbbb+1bbpbb-5bbbbbbpb0bb0b-12bb+12bbbb0bb0bbbb0bb+1bbbb-1bb-4bbbb-1b-1b-1bb+2bb+1bb+1bb+3bb-2bb+5bbbb-3bbpbbbbb-4bbbb-1bpb-1bpb-1bb+2bb+1bb+1bb+3bb-2bb+9bbbb-3bb-3bbbb-1bb+3bbbb-3bb-3bb+1bbb-3b-5bbbbbbbbbbbb;0.8563676900493773;0.7390350877192983;0.849936948297604;0.9683908045977011;0.8304242701330183;0
evangelimann;mitternachtstango;pbbbbbb0b-1b+1b+9bb-4b0bbb-1bb-4b0b-1b+1b+10b-1b-1b0bbb+1bb-6b0b-2b+1b+10bb+2b-2bbb-2bb0b-1bb-2b-2bb+2b+2bbb;b-1b+1b+9bb-2b-2b0bb-1bbbbpbb-4bb-1b+1b+10bb-1b-1b+1bbbpbbbb-4bb0b+4b+3bb0b+2b-2bb-2bbbpb+2b-2b-1bb-1b+1b+1bb-1b-2b-2bbb;0.9047627749926196;0.824;0.9035087719298246;0.9537037037037037;0.8305495625074913;1
mojoworkout;gotmymojoworking;b0b0b0bb0b-5b+3bb+2bbpbb0bb-3b+3bb0b-5b+3bb+2bbpb-5b+3b+2bpbbbb0bb0b-5b+5bb0bb0bb0bb0b0bb0b-5b+3bb+2bbpbb-2b0b-3b+3bb0b-3b+3b-3b0b0bpb0b0b0b0b-2b-2bb-3bbbbbbbb0bbbbbbpb-1b+1b0b0b-2b+2bb0b0b0b0b0b+4b0bbb-5b+1b0b0b0b0bb0b0b0b0b0bb0bbb-1b;b0b+4bb-6b-1b+1b-1b-4b0b+7bb0bb0bb-3bb-4bbbb0bbbb0bbbb0bpb+7b0b0bb-2b-1b+1b-1b-4b0b+12bb-5bb-2bb-1bb-4bbbb0bbbb0bbbb0b+4b+1b-1b+1bb0b-1b-4b+7bb-7b+7bb0bb-2bb-1bb-4bbbb0bbbb0bbbb0b+12bb0b0bb0bb-1bb+1bb0bbbb0b0bb0b0bb0bb-1bb+1bb0bbbb0b0bb0b0bb0bb-1bb+1bb0bbbb0bpb;0.8196753090664279;0.6928327645051194;0.8185483870967742;0.8638297872340426;0.7852977597658449;0
sognonostalgico;girlinthedark;b+8b-1bbb-2b+2b-2b+2bbbb-7b+8b-1bbb-2b+2b-2b+2bbbb-2b+8b-1bbb-2b+2b-2b0bbbbb+1b-9bbbbbbpb-3b+7b-5b+4bbbbbbpbbbbbb+3bbb-2b+2b-5b+3bb-3bbb0b-4bbb+4b+2b-2b+7bbbb0bb+1bbb-1b+1b-3b+2bb-7bb+3bb-1bbb-2b-1b+1b+2bbbbbb;b+8b-1bbb-2b+2b-2b+2bbbb-7b+8b-1bbb-2b+2b-2b+2bbbb-2b+8b-1bbb-2b+2b-2b+2bbbb+1bb-9bbbbpbb-4bb+8bb-1bbb-2b+2b-2b+2bbbb-7b+8b-1bbb-2b+2b-2b+2bbbb-2b+8b-1bbb-2b+2b-2b+2bbbb+1bb-9bbbbpbb-4b+8bb-4bb+3bbbbbb-2bb0bb+7bb-2bbb-2b+2b-5b+3bb-3bb-5bb+1bbb+4b+2b-2b+7bbbb-4bb+5bbb-1b+1b-3b+2bb+5bb+3bb-1bbb-5b+6bb-1bbbbbb;0.8119302441907669;0.662379421221865;0.7969052224371374;0.9856459330143541;0.8152464125892843;1
jeanniemichele;themeatimetolove;pbb+1b+2bb0bb0bb-6bb+6bbb0b-2bb0bb0bb-6bbbb+6b0b-1bb0bb0bb0bb-2bbb-2b+2bbbbbb0bbpbb+2b+1b+2bb0bb0bb-6bb+6bbb0b-2bb0bb0bb-6bbbb+5b+1b-1bb0bb0bb0bb-4bbb+4b+3bbbbbb0bbpbb;pbbbb+3bb+4bb+1bbbbbb-5bbpbb-3bb0bbpbb+2bbbbbb+6bbpbb-12bb0bbpbb+11bbbbbb-5bbpbb-6bb0bbpbb+4bbbb0b+2b+1b+4b-16bbbbpbbbb+14bbbbbb-5bbpbb0bb0bbpbb-1bbbb0b+1b+2b+3bpbb-10bb0bbpbb+9bbbbbbbbpbb-5bb0bbpbb+4bb-3bb+4bb+3bbpbbbb-11bbpbb+12bbbbbb-5bbpbb-3bb0bbpbb+2bbbbbb+6bbpbb-12bb0bbpbb+11bbbbbb-5bbpbb-2bb0bbpbb0bbbb0b+2b+1b+4b-16bbbbpbbbb+14bbbbbb-5bbpbb0bb0bbpbb-1bbbb0b+1b+2b+3bpbb-10bb0bbpbb+8bbbbbbbb;0.6392036714330219;0.4114713216957606;0.5830388692579506;0.9880239520958084;0.6898146607515057;1
daybyday;themetodayshow;pbbbbb0b-4b+2bbbbbbbpbbbbb+2bb-4b+2bpb0bbbbbbpbb0bp0bb0b+5bbpb-3bbbbp-4bbpb+2bb-2bb+2bb0bbp0bbbbbbpbbbbbbbbbbbb0bp+5bb0bb+2bpb-3bb-2b0bbbbpbb+3bb0bp0bbpbb+2bbp-3bb-2bp0bbbbpbb+1b-1bp+1bbbpbbb+2bp0bbpbbbb-3b-2bp-2bbb+2bbbpb+2bp-2b+2bbbbpbb0bbbbbbpbbb0bb-4b+2bp0bbbbbb;pbbbbbb+3bb+5bbbbbbbbbpbbbb+2b-4bb-2bbbbbbbbbpbb+3bb0b+2bb-3b-4b+2b0bbbbbbbb0bbbbbbbb0b+2bb+3b0bbbbbbbb+2b-4bb+2b0bbbbbbbbpbb-2bb0b+2bb-3b0bbbbbb-4b+2b+2bbbbbbbb0bbbbbbbb;0.7994358913389504;0.6390977443609023;0.7798165137614679;1.0;0.7953855226301046;0
keeponsinging;keeponsingingtwo;bb0bb0bb-2bb-2bb+2bbbbbb-4bb+4bb-2bb-2bb+4bbbbbb0bb-2bbbb0bbbb0bbbb0bb0bb+2bb-7bbbbbbbbbbbb+5bbbb0bb-2bb-1bb+3bbbb0bb+5bbbbbbbbbbbbbb-2bbbb-1bbbbpbb0bbbb-2bbbb-2bbbb+4bbbbbbbbbbbbbbbb0bb0bb0bb0bb0bbbbbb0bb0bb0bbbbbbbbbb0bb0bb-2bb0bbbb0b0b0bb+2bbbb-2bb-5bbbbbbbbpbbbb+5bb0bb0bbbb0bbbb0bb+5bb0bbbb0bb0bb0bbbb-2bb-1bbbb0bb0bb0bb-2bb-2bb+2bbbbbbbbbb-4bb0bb0bb0bb0bbbbbb+2bbbbbb+1bb0bbbbbb0bbbb-1bbbb-2bbbbbb+2bb0bbbb;bbpbb+9bb0b0b0bb0bb+1b-1bbb0bbb-4b+2bbb-2b+2b+2bbb-7bbbb0bbb0b+5bb0b-2b+2bb0bb+2b-2bbb0bbb-7b+2b+3b0b-3b+3b-5b+2b-2b0bbbb0bbb0b+9bb0bb0bb0bb+1bb-1bb0bb0b-4b+2b0bbb0bb+2bb-7bbbb0bbb0b+5b0b0bb0bb-2b+4b0b-2bbb0b-7b0b0b+2bb+3b-3b+3b+2bb-2b0bbbb0bb+2bb+2b0bbb-2b-2bbb+4b0bbb-2b-2bb0b+2b-2b+2b-2b+2bb+2bb-7bbbbbbbb+5bb0b-2b+2b-2b+2b-2b+4b0bbb-2b-7b0b0b+2bb+3b0b0b-3b+3bb0bbbbpbbbb;0.7999175753187814;0.6652542372881356;0.7989821882951654;0.839572192513369;0.7686241031016176;0
dirlada;loopdilove;pbbbbbbbbbbbbbbbbbbbbbbbbbbbbbbbbbbbb0bb+2bb0bb+2bb-4bbbbpbbbbbbbbbbbbbbbb0bbbb0bb+2bb0bb+2bb-4bbbbpbbbbbbbbbbbbbbbb+2bbbb0bb+2b-2b-2bb-1bb+3bbbbpbbbbbbbbbbbbbbbb-2bbbb0bb+2bb0bb+2bb-4bbbbpbbbbbbbbbbbbbbbb-3bbbb0bb+2bb+1bb-1bb-2bbbbpbbbbbbbbbbbbbbbb0bbbb0bb+2bb+1bb-1bb-2bbbbpbbbbbbbbbbbbbbbb+3bbbb0bb0bb+2bb+2bb-4bbbbpbbbbbbbbbbbbbbbb0bbbb0bb0bb+2bb+2bb-4bbbb;pbbbbbbbbbbbbb0b+2b+2b-4bbpbbbbbbbb0bbb0b+2b+2b-4bbpbbbbbbbb+2bbb+2b+1b-1b-2bbpbbbbbbbb-2bbb0b+2b+2b-4bbpbbbbbbbb-3bbb+2b+1b-1b-2bbpbbbbbbbb0bbb+2b+1b-1b-2bbpbbbbbbbb+3bbb0b+2b+2b-4bbpbbbbbbbb0bbb0b+2b+2b-4bb;0.7564625416523126;0.5734072022160664;0.7288732394366197;0.9951923076923077;0.7585021057847144;1
letitend;howdeepisyourlove;bbbbbb0bbbbbb-2b+2b+2bb-2b-2b+2bb+2b-7b+2bbbbbb+3b+2b+1bb-1b-2b+2bb+1b-6b0bbbbbb+5b+1b+2bb-2b-1b+1bb+2b-5b-2bb+2b+2b0b+1b+2b+2b0bb-2b-2b+2bb+2b-7b0bbbbbb-2b+2b+2bb-2b-2b+2bb+2b-7b+2bbbbbb+3b+2b+1bb-1b-2b+2bb+1b-6b0bbbbbb+5b+1b+2bb-2b-1b+1bb+2b-5b-2bb0b+2b+2b+1b+2b+2b0bbbb0b-2b+2b+2b0bbbb0b-2b+2b+1b0bbbb0b-1b-2b+3b0bb0bb-1bb-2b-2b0bbbb0b0b+2b+2b0bb-1bb-1bb-2b-2b0bbbb0b0b+2b+1b-1bb+1bb-2bb0b-2b0bbbbbbbb0bbbbpb+5b+2b+1b;b+5b+2b+2bb0b-4b+2bb+2b-2bbbpbb+1b+1b+2b+1b0b0b0b-3b+2bb+1b-3b0bbpbb+2b+1b+2b0b0b0b-3b+3b+2bb-2b0b-3bb-4b0b0b+2b+2b+1b0b0b0b+2bb-3b-2b0bbpbb-2b0b+9b0b0bb0b0b+3b-3b+5b0b-3bb-4b0b0b+2b+3b0b-3b-2b+2b0b-2b-3b+3b;0.6477740548470317;0.4380733944954128;0.6092503987240829;0.9227053140096618;0.6765700483091788;0
pourtoi;feelings;b0b-7b0bbbpbbb0b+2bpbbb-1b-2b+7b-7b0bbbpbbb0b+2b+1bbb0b-1b-2b+7bbbb+5bbbbbb-2b0bbb0b+2b-2bbb-2b-1b0bbbpbbb;bb-7bb0bbbbbbbbbbbb+5bbbbbbbb-5bb+2bb+1bb-3bb+7bb-7bb0bbbbbbbbbbbbpbbbbbbbb0b+2b+1b-3b+7bbbbbb0b-2b-2bbbbbbbbpbbbbbbbb-1bb+1bb+4bbbbbbbbbbbbbbbbpbbbbbbbbbbbbbbbb+5bbbbbb-9bb0bbbbbbbb0bbbbpbb+9bb-2bb-2bb-1bb+1bb+2bbbbbbbb0bbpbb-2bb-1bb-2bb+3bbbbbb0b-1b+1bbbbbbbbpbbbb0bb-1bb-2bb-2bb+2bb+2bbbbbbbbbbbbbbbbpbbbbbbbbbbbbbbbb;0.575543221661067;0.33125;0.49765258215962443;1.0;0.6649605046421084;0
uncantoagalicia;bisschenfrieden;pbbbb0bb+1bb+2b0bb0b+2bb-2bb+4bbb-9b0bb+2bb+1b0bb0b+2bb-2bb-1bbpb0b0bb+1bb+2b0bb0b+2bb-2bb+4bbb-9b0bb+2bb+1b0bb0b+2bb-2bb-1bbpb0b0bb+1bb+2b-3bb+3b+2bb-2bb+4bbb-9b0bb+2bb+1b0bb0b+2bb-2bb+4bbpb-5b0bb+1b+2b-3b0bb+3b+2bb-2bb+4bbb-9b0bb+2bb+1bbb0b+2bb-2bb-1bbbbbbb;pbbbb0bb+1b+2bb0bb0b+2bb-2b+4bb0bb0b0bb+1b+2bb0bb-2b-1bb-2b0bb-2bb-3b0bb+1b+2bb0bb0b+2bb-2b+4bb0bb0b0bb+1b+2bb0bb-2b+4bb-2bb-2bbb-8b0bb+1b+2bb0bb0b+2bb-2b+4bb0bb0b0bb+1b+2bb0bb-2b-1bb-2b0bb-2bb-3b0bb+1b+2bb0bb0b+2bb-2b+4bb0bb0b0bb+1b+2bb0bb-2b+4bb-2bb-2bbbbbbb;0.9364179231937665;0.8804347826086957;0.9364161849710982;0.9382239382239382;0.8574759334018593;1
lifeisarock;menusong;bb0bb-2bb+1bb-1bb-3bbbb-2bbbb-2bb+1bb-4bbbb0bbbb-2bb0bbbb-3bbpbb-2bb+1bb+1bb0bbbbbbbb+5b0b0b0b0b0b0b0b0b0b0b0b0b0b0b0b0b0b0b0b0b0b0b0b0b0b0b0b0b0b0b0b0b0b0b0b0b0b0b0b0b0b0b0b0b0b0b0b0b0b0b0b0b0b0b0b0b0b0b0b0b0b0b0b0b0b0b0b0b0b0b0b0b0b0b0b0b0b0b0b0b0b0b0b0b0b0b0b0b0b0b0b0b0b0b0b0b0b0b0b0b0b0b0b0b0b0b0b0b0b0b0b0b0b0b0b0b0b0b0b0b0b0b0b0b0b0b0b0b0b0b0b0b0b0b0b0b0b0b0b0b0b0b0b+7bbbbbbbb-3bb-2bbbb-2bb0bbpbb0bb0bb+2bb-2bb+2bbbb+5bbbb0bbbbbbbbbbbbpbbbb-7bb0bb+2bb-2bb+2bbbb+2bbbbbbbb-4bbbbbbbbpbbbb0bb0bb+2bb-2bbbb+4bb;pbbbbbbbbbbbbbbbbbb0b0b0b0b0b0b0b0b0b0b0b0b0b0b0b0b0b0b0b0b0b0b0b0b0b0b0b0b0b0b+2b0b0b0b0b0b0b0b0b0b0b0b0b0b0b0b0b0b0b0b0b0b0b0b0b0b0b0b0b0b0b0b-2b0b0b0b0b0b0b0b0b0b0b0b0b0b0b0b0b0b0b0b0b0b0b0b0b0b0b0b0b0b0b0b0b0b0b0b0b0b0b0b0b0b0b0b0b0b0b0b;0.6847419917974501;0.4688715953307393;0.6384105960264901;1.0;0.7344371431185452;0
es;hey;bpb+3b0b-2b0b-1b0b-2b+2b+1b-6bb+3bbbbpb+3b0b-1b0b-2b0b-2b+2b+2b-5bb+3bbbbpb+3b0b-1b0b-2b0b+2b+1b-3b+3bb-1bbbbbb0bbbbpbbbb+5bbbb0b0b0b+8b0b-1b0b-2b0b-2b0b-1b-7bb+3bbb0b0b+9b0b-2b0b-2b0b-1b-2b-2b-3bb+3bbb+2b0b+5b0b-2b0b-1b0b-2b-2b-2b+4bbbb-2bbbb0bbbbbbpbb+2bbbbbbpb0b+8b-1b0b-2b0b-2b0b-1b-7bb+3bbbbpb0b+9b-2b0b-2b0b-1b-2b-2b-3bb+1bbbbbbpbb-3bb+2bb+1bb-3bb-2bbbbbb0bbbbbbbbpbbbbbbbb;bbpbb-12b+12b-2b0b-1b-2b0b0b-2b+7bbpbb-12b+9b-2b0b-2b0b-1b0b-2b+2bbbbpbbbb-4b+2b+2b+1bb+4b+1bbbbbbbbpbbbbbbbb+4bbpbb-12b+2bbbbbbbbpbb-4b+2b+2b+1bb+2b+2bbbbbbbb;0.6354866495249908;0.4083769633507853;0.5799256505576208;0.9811320754716981;0.6950164221533764;0
tillyou;phantomoftheopera;pbbbbbbbb+8bbbb-8bbbb+3bbbbbb-2bb0bbbbbbbbpbbbb-3bbbb+9bbbb-9bbbb+3bbbb-1bbbb0bbbbbbbbpbbbb0bbbb+5bbbb+3bbbb+4bbbbbb+1b-1b-2bbbbbbbb0bbbbbbbbpbbbb0bbbb-3bbbbbbbbbbbbbbbbpbbbb-7bbbb+8bbbb-8bbbb+3bbbbbb-2bb0bbbbbbbbpbbbb-3bbbb+9bbbb-9bbbb+3bb-1bb0bbbb0bbbbbbbbpbbbb0bbbb+5bbbb+3bbbb+2bbbbbbbb-2bbbbbbbb0bbbbbbbbbbbbbbbb-1bbbb;pbbbb+5bb-5bb+3bbb-2b0bbbb0bb-3bb+7bbb-7b+2bbbbbbbbpbb0bb+5bb-5bb+5bbb-4b0bbbb0bb-3bb+5bbb-5b+2bbbbbbbbpbb0bb+5bb+3bb+4bbb-2b0bbbb0bb0bb+5bbb-5b+2bbbbbbbb-9bb-2bb0bbb-1b+17bbbbbbbb0b-2b-2b-1b-2b-2b-1b-2b-1bbbbbbbb-1bb-2bb0bbb-1b0bbbbbbbb0bbbbpbbbb+5bb+5bb-5bb+3bbb-2b0bbbb0bb-3bb+5bbb-5b+2bbbbbbbb0bb0bb+5bb-5bb+3bbb-2b0bbbb0bb-3bb+5bbb-5b+2bbbbbbbbpbb0bb+5bb-5bb+12bbb-2b0bbbb0bb0bb+5bbb-5b+2bbbbbbbb0bbbbpbb0bb+5bbbbbbbb0b-2b-2b-1b-2b-2b-1b0b-3bbbbbbbb-1bb-2bb0bbb-1b0bbbbbbbb0bbbbpbbbb;0.7959318988939968;0.6383838383838384;0.7792848335388409;0.978328173374613;0.8119985797532171;1
ithinkaboutyou;ithinkaboutyoutwo;b0b0b0b0b0b-2b-2b+2bb-2bb0bbbb+4b0b0b0b0b-2b-2bb+2bb-2bb0b+4b-2b-2b0bb0bbpbbbb0bb0b+2b+2bb0bbbbpbbbb-4b0b+4bb0bb0bb-2b-2b+2bb-2b0bpbbbb+4bb0b0b0bbbb-2b-2b0bb0b+4b-2b-2b0bb0bbpbbbb0bb0b+2b+2bb0bbbbpbbbb;pbbbbbb0bb-1bb-2bb0bb-2bb+2bb-2bb0bb0bb+2bbbb-2bbbb0bbbbpbbbb0bb+2bb-2bb0bbbb-7bbbbpbb+12bb0bb-1bb-2bb0bb-2bbpbbbb0bb+2bbbb-2bbb0b+2bbbbpbbbb+3bb-3bb-2bb0bbbb-7bbbbpbbbb;0.873543416563341;0.7703349282296651;0.8702702702702703;0.9526627218934911;0.8288590004758327;0
greengrassgrows;superstring;p+2bbbbbb+1bbbb-3bbbbb-2b0bbbbbbpbbbb+2bbbbbp+2bbbbbb+1bbbb-3bbbbbb-2bbbbbb;p+2b+1b-3bp-2bbp+2bp+2b+1b-3bp-2bb;0.6336944275050715;0.4155844155844156;0.5871559633027523;0.9411764705882353;0.6385620915032679;0
whereareyounow;whereareyou;pbbpbb+2b+1bbb+2bbbb-2bb-1bbbb-2bbbb-2bb+5bbbb-1bb-2bbbb-2bbbbbbpbb+4bb+1bbbbbb-1bb0bb0bbbbpbbbb-2bbpbb+2b+3bbb0bbbb-2bb-1bbbb-2bbbb-2bb+5bbbb-1bb-2bbbb-2bbbbbbpbb+4bb+1bbbbbb-1bb0bb0bbbbpbbbb-4bb-1bbbb-2bbbb0bb0bbbbbbbbpbbbbbbbb;pbb+2bb+1bbbb-1bb0bbbbbb-2bb0bb0bbbbpbbbb+2bbbb0bb+1bbbb-1bbbb-2bb0bbbbpbbbb0bb+2bb+1bbbb-1bb0bbbb+3bbbbbb-3bbb0b-2bbbbpbbbbbbbb+3bb-1bbbb-2bb0bbbbbbbbpbbbbbbbb;0.8149798400807171;0.6695278969957081;0.8020565552699229;0.975;0.814894748628373;1
gehtsparkasse;begood;pbbbbb+1b-1b-4b+2bb-2b0bbb;b+1b-1b-4b+2bb-2b0bb-3bb0bb-2bbb;0.8667190566019205;0.7575757575757576;0.8620689655172413;0.9615384615384616;0.8075961538461539;0
heartbeat;getoveryou;bb-2bb-3bb-2bb-2bb-3bb-2b+2b+3b-3b;bb-2bb-3bb-2bb-2bb-3bb-2b+2b+3b-3b;1;1;1;1;1;1
gumtree;downunder;b0b0b0b+2bb0b0b-2bb-3bb+3bb-3bb+12b0b0b0b+1bb0b0b-1bb-4bb+4bb-4bb0bbbb-3b+2b+1b-3b-2bbbb-3b+1b+2b-2b-1bb-4bb0bb0bb0bbbbbbbb;pbbbbbbbbbbbbbbbbbbbbbbbbbbbbbbbbbbbb-2bb-2bb-1b-1b-1b-1b-1bbbb+4bbbb+3bbbbpbbbbbbbb+2bbbb-2bb-2bb-1b-1b-1b-1b-1bbbbpbbbbbbbbbbbbbbbb+9bb0bb0bb0bb+1bbbb0bb0bb-1bbbb-4bbbb+4bbbb-4bbbbpbbbbbbbbbbbbbbbbbbbbbbbbbbbbbbbb+4bbbb-2bb-2bb-1b-1b-1b-1b-1bbbbpbbbbbbbbbbbbbbbb+12bb0bb0bb0bb+2bbbb0bb0bb-2bbbb-3bbbb+3bbbb-3bbbb0bbbb-2bb-2bb-1b-1b-1b-1b-1bbbbpbbbbbbbbbbbbbbbb+9bb0bb0bb0bb+1bbbb0bb0bb-1bbbb-4bbbb+4bbbb-4bbbbpbbbbbbbbbbbbbbbbbbbbbbbbbbbbbbbb-3b+1b+1b0bpbbbb+13bb-1bb0bbbbbbbbbbbbpbbbbbbbbbbbbbbbbbbbbbbbbbbbbbbbb-14bb0bb0bb0bb+3bbbb+4bbbb-2bbbbbb-2bb-1bbbb-2bbbbpbbbbbbbbbbbbbbbbbbbbbbbbbbbbbbbb+12b-2b-2b-1b-2b-2b+2b+2b+3b+2b-2b-2b+6bb-2bb0bbbbbbbbbbbbbbbbpbbbbbbbbbbbbbbbbbbbbbbbbbbbbbbbb-12bb0bb0bb0bb+3bbbb+4bbbb-2bbbbbb-2bb-1bbbb-2bbbbpbbbbbbbbbbbbbbbbbbbbbbbbbbbbbbbb+12b-2b-2b-1bpbbbb-2b-2b+2b+2bpbbbb+3b+2b-2b-2b+6b-2b0bbbbbbbbpbbbbbbbbbbbbbbbbbbbbbbbbbbbbbbbb-12bb0bb0bb0bb+3bbbb+4bbbb-2bbbbbb-2bb-1bbbb-2bbbb+7bbbb-2bb-3bb0b-1b-1b-1b0bpbbbbbbbbbbbbbbbb+8bbbb-2bb-2bb-1b-1b-1b-1b-1bbbbpbbbbbbbb+9bb0bb0bb0bb+1bbbb0bb0bb-1bbbb-4bbbb+4bbbb-4bbbbpbbbbbbbbbbbbbbbbbbbbbbbbbbbbbbbb+7bb+1bb+1bpb+1b+1b+1bb-1bbbb0bbbbbbbbbbbbbbbbpbbbbbbbbbbbbbbbbbbbbbbbbbbbbbbbb-4b+2bpb-2b+2bpbb-2b+2bpbb-2b+2bpbb-2b+2b-2b+2b-2b+2b-2b+2bpbb-2b+2b-2b+2b-2b+2b-2b+2b;0.313311993749003;0.09816440542697526;0.17877906976744187;1.0;0.580146942730401;0
blessees;janine;pbbbbbbbbbbb+1b+2bbbbbbbbbb+2bb-5bbbbbbbbbb+1bb-3bbbbbbbbbb+2b+1b-3bbbbbbbbbb+2b+1b;pbbbbbbbbbbb+1b+2bbbbbbbbbb+2bb-5bbbbbbbbbb+1bb-3bbbbbbbbbb+2b+1b-3bbbbbbbbbb+2b+1b;1;1;1;1;1;1
reich;niveau;pbbb+2b+1b-1b-2bpbbb0b+2b+1b-1b-2bpbbb0b+2b+1b-1b-2bpb+5bpb-2bpb-1bpb-2bpbbb0b+2b+1b-1b-2bpbbb0b+2b+1b-1b-2bpbbb0b+2b+1b-1b-2bpb+5bpb-2bpb-1bpb-2bpbbb0b+2b+1b-1b-2b0bbb0b+2b+1b-1b-2b0bbb0b+2b+1b-1b-2b0b+5bb-2bb-1bb-2b0bbb0b+2b+1b-1b-2b0bbb0b+2b+1b-1b-2b0bbb0b+2b+1b-1b-2b0b+5bb-2bb-1bb-2b0b;pbbb+2b+1b-1b-2bpbbb0b+2b+1b-1b-2bpbbb0b+2b+1b-1b-2b-2b+7bb-2bb-1bb-2bbpbb0b+2b+1b-1b-2bpbbb0b+2b+1b-1b-2bpbbb0b+2b+1b-1b-2b-2b+7bb+2bb-4bb-1bbpbb-2b+2b+1b-1b-2bpbbb0b+2b+1b-1b-2bpbbb0b+2b+1b-1b-2b-2b+7bb-2bb-1bb-2bbpbb0b+2b+1b-1b-2bpbbb0b+2b+1b-1b-2bpb+10b0b0b0b0b0b0b0b0bb-7b-3bbbb;0.9669133407672446;0.9358108108108109;0.9668411867364747;0.9787985865724381;0.8913477341772021;0
light_myLife;lady_divine_pt1;pbpbb+3bb-3b+5bb-5b+3bb-3b+5bb-5b+3bb+2b+2bb+1bpb-7bbbbb0bpb+4bb-4bpb+6bb-6b+4bb-4b+6bb-6bpb+4bb+2b+1bb-1b0bpbpb0bpb+3bb-3b+5bb-5b+3bb-3b+5bb-5b+3bb+2b+1bb-1b+4bbbbb0b+2bb-2b-2bb-1b+3bb-2b-3bb-4bb-1bb-2b+6bb-6bpb+5bbbbbb-3bb+3bb+4bb-2bbbb-5bb+3bb+3bbbbbbbbpbb-3bb+3bb+4bb-2bbbb-5bb-4bbbbbbbbbbpbb-3bb+3bb+7bb-1bbbbbb-9bb+3bb+6bb-2bbbb0bb-2bbbb-5bb+5bbbb-4bb+1bb+4bbbbbbbbpbb-3bb+3bb+4bb-2bbbb-5bb+3bb+3bbbbbbbbpbb-3bb+3bb+3bb-1bb0bb-2bb-4bbbbbbbbbbpbb-3bb+2bb+1bb+11bbbb-2bb-2bb-8bb+3b0bpb+4bbbb+8bbbbpbb0bb+2bbbbpbb-3bbbb0bb-4bbbbbb0bbbbpbb;b-5b+2b+2bb-2b-8bbb+1bbb+9b-4b+2b+2bb-4b-3bbb+1bbpb+7b-5b+2b+2bb-2b;0.3519158023985551;0.12384473197781885;0.22039473684210525;1.0;0.5736887862691378;0
light_myLife;lady_divine_pt2;pbpbb+3bb-3b+5bb-5b+3bb-3b+5bb-5b+3bb+2b+2bb+1bpb-7bbbbb0bpb+4bb-4bpb+6bb-6b+4bb-4b+6bb-6bpb+4bb+2b+1bb-1b0bpbpb0bpb+3bb-3b+5bb-5b+3bb-3b+5bb-5b+3bb+2b+1bb-1b+4bbbbb0b+2bb-2b-2bb-1b+3bb-2b-3bb-4bb-1bb-2b+6bb-6bpb+5bbbbbb-3bb+3bb+4bb-2bbbb-5bb+3bb+3bbbbbbbbpbb-3bb+3bb+4bb-2bbbb-5bb-4bbbbbbbbbbpbb-3bb+3bb+7bb-1bbbbbb-9bb+3bb+6bb-2bbbb0bb-2bbbb-5bb+5bbbb-4bb+1bb+4bbbbbbbbpbb-3bb+3bb+4bb-2bbbb-5bb+3bb+3bbbbbbbbpbb-3bb+3bb+3bb-1bb0bb-2bb-4bbbbbbbbbbpbb-3bb+2bb+1bb+11bbbb-2bb-2bb-8bb+3b0bpb+4bbbb+8bbbbpbb0bb+2bbbbpbb-3bbbb0bb-4bbbbbb0bbbbpbb;bbbbbb-7bbbbbb+5bb0bb0bb0bb-1bb-9bb+5bbbbbb-2bb0bpb+2bbpbb-1bbpbb+1bb-2bbpbb0b+2b+7bbbbbb-2bbbb-1bb-1bbpbb-1bb-6bb+1bbpb+5b-4bbbbbb0bbbb0bb-1bbpbb+1bb-4bbpbb+1b+3b+7bbbbbb-1bbbb-2bb-2bbpbb+4bb-2bb+2bbpb-4b;0.6125684209379904;0.3763837638376384;0.546916890080429;0.9951219512195122;0.6784318410651758;1
light_myLife;lady_divine_pt3;pbpbb+3bb-3b+5bb-5b+3bb-3b+5bb-5b+3bb+2b+2bb+1bpb-7bbbbb0bpb+4bb-4bpb+6bb-6b+4bb-4b+6bb-6bpb+4bb+2b+1bb-1b0bpbpb0bpb+3bb-3b+5bb-5b+3bb-3b+5bb-5b+3bb+2b+1bb-1b+4bbbbb0b+2bb-2b-2bb-1b+3bb-2b-3bb-4bb-1bb-2b+6bb-6bpb+5bbbbbb-3bb+3bb+4bb-2bbbb-5bb+3bb+3bbbbbbbbpbb-3bb+3bb+4bb-2bbbb-5bb-4bbbbbbbbbbpbb-3bb+3bb+7bb-1bbbbbb-9bb+3bb+6bb-2bbbb0bb-2bbbb-5bb+5bbbb-4bb+1bb+4bbbbbbbbpbb-3bb+3bb+4bb-2bbbb-5bb+3bb+3bbbbbbbbpbb-3bb+3bb+3bb-1bb0bb-2bb-4bbbbbbbbbbpbb-3bb+2bb+1bb+11bbbb-2bb-2bb-8bb+3b0bpb+4bbbb+8bbbbpbb0bb+2bbbbpbb-3bbbb0bb-4bbbbbb0bbbbpbb;bbbb0bbbb+3bb-1bbpbb+1bb-2bbpbb0b+2b+7bbbbbb-2bbbb0bb+2bbbb-2bb+4bbbb-2bb-5bbbbbb0bbbb0bb-1bbbb+1bb+7bbbb-2bb-3bb+1bb-8bb+7bb-2bb-5bb+1bbbb+2bb+2bb+2bb+5bb-4bbbbbbpbb-5bb+5bbbbbb0bbbbbb;0.5816119568938197;0.33948339483394835;0.5068870523415978;0.9945945945945946;0.6792780599150103;0
confessing;starlight;bb+5bb-1bb-6bb-1bb+6bb-1bb-5bb+3bbb-2b-1bbb-1b+1bbbb0bbbpb+3bb+5bb-1bb-6bb-1bb+6bb-1bb-5bb+3bbb-2b-1bb+3bb+5bbbb0b-8b+1b+1b+1bb+7bb-2bb-5bb+1bbbb+1bbbb0bb+3bb-1bb0bb-2bbbb0bbbpb-2bb+5bb-1bb-6bb-1bb+6bb-1bb-5bb+3bbb-2b-1bb+3bb+5bbbb0bbbpb;bb+5bb-1bb-5bb-1bb+5b0b-1b0b-5bb+3b-2b+2b-2b-1bb-1bb+1bbbb0bpb+3bb+5bb-1bb-5bb-1bb+5bb-1bb-5bb;0.6297812894758303;0.39662447257383965;0.56797583081571;1.0;0.6960379447586558;0
o_gladsome;o_light;b0b0b0bb-2b+2b-2b-2bb-1b+3b0b-2b+2b+2bb0b0b0b-2bb+2b-2b-2bb0b0bb0bb+2bbb+2b+1bb-1b-2b+2bb+1bb+2bb-3bb-2bb-2bb-1bbb0b-2bb+2b0b+1bb0b0b+5bb0b0b-1bbbpb;b0b0b0bb-2b+2b-2b-2bb-1b+3b0b-2b+2b+2bb0bb0b-2bb+2b-2b-2bb-1b+1bb0bb+2bbb+2b+1bb-1b-2b+2bb+1bb+2bb-3b0b-2bb-2bb-1bb0bb-2bb+2b0b+1bbb0b+5b0b0bb-1bbbpb0bbbpb0b0b0b0b0bb-1b0b+1bb-5bb+1bb+2bb+2bbbpb+3bbb0b0bb-2bbpbbbb;0.8335680420644579;0.6948356807511737;0.8199445983379502;1.0;0.8036839656557966;1
lady_love;word_warning;bb-2bb-1bb-3bb+1bbb+3b+7bbbbbb-1bbbbbb-2bb-2bb-3bb-5bb+1bbb+4b+7bbbbbb-2bbbbbb-2bb-2bb-4bb+1bbbbbb+9bb-2bb-6bb+1bbbbbb+10bb-2bb-1bb-2bbb0b+2b+1b+4bbbbbb-2bbb-2b-1b-2b-2bb-2bb-1bb-3bb+1bbb+3b+7bbbbbb-1bbbbbb;bpb0bbbb0bbpb-1b-3bb+1bb+3bb+4bb0bb+3bb0bb-3b+3b-1bbbb0bbpb-7b0bbbb0bbpb-2b-3bb+1bb+4bb+3bb+4bb0bb-4bb+4bb-2bbbbbbbbpbb0bb+3bb-3bb-5bb0bbbb-2bb+5bbb0b0bbbb0bbbb0bbpb0b+2bbbb-5bb0bb0bbbb+5bb+2b+1b0bbbb0bbpb-1b0bbbb0bbpb-6b0bbbb0bbpb-1b-3bb+1bb+3bb+4bb+3bb0bb-3bb+3bb-1bbbb0bbpb-7b0bbbb0bbpb0b-5bb+1bb+4bb+3bbpbb+3bb0bb-6b+6b-1bbbbbbbb;0.7216158724220312;0.54;0.7012987012987013;0.9174757281553398;0.7313460015725388;0
whisper;wishing_song;bbbb-1bbbb-7bb+3bbbbbb+4bb0bb-2bbbb+2bb-2bbbbbb-5bb+3bb0bbbb0bb0bb-2bbbb-1bb+1bbbbbbbbpbbbb0bbbbpbb0b0b+7bb-3bbbb-4bb+7bbbbbb0bb-1bb-4bbbb-3bb+7bbbbbb-7bb+5bbbbbb0bb0bb+2bbbb+1bb;bbbbpbbbb+5bbbbbbbb-1bb+1bb-1bbbbbbbb-7bb+3bb+4bbbbbbbb-2bb+2bb-2bbbbbbbb-6bb+1bb+3bbbb0bbbbbb0bb0bbbb-2bbbb-1bbbb+1bbbbbbbbbbbb0bbbbbbbb-1bb+1bb+9bbbbbbbb-2bb+2bb-2bbbbbbbb-8bb+1bb+7bbbbbbbb-1bb+1bb-1bbbbbbbb-10bbb+1b+7bbbb0bbbbbb-7bb+6bbbb0bbbbbb-6bb;0.7932297795381029;0.6412213740458015;0.7813953488372093;0.9438202247191011;0.7888130907793829;1
does_anybody;bali;bbbbpbbbb-3bb+1b+1b+1b+2bb-2b-1bb+1bpb+9bbbb-4bbbb0bbbb-5b+1bb+1b+2bbbb-2bbbb-1bbbb+1bbbb+5bbbbbbbb0bbbbpbbb+2b-4bbbbbb+2bb-3bbbbbb+1bb-3bb+2b-4bb+2b-4bbbbbbbbpbb-1bb+1bb+1bb+1bb+1b+3bb-2b-2bb+2bpb-5bbbbbbbb0bbbb+3bbbb-3bb+1b+1bb+1b+2bb-2bpb-1bb+1bpb+9bbbb-4bbbb0bbb-5b+1bb+1bpb+2bbb-2b-1bb+1b+5bbbbpb-6bbbb+1bbbbbbbb0bbbbpbbbb+3bbb+2b-3bbb+1b-3bb+2b-4bbb+2bpb-4bbbb+6bbbb0bbbbbbbb0bb+1b-3bbb+2b-4bbb+2b-4b+2bpb-3bbbb+5bbbb0bbbbbb-2bb-3bb+1b+1bb+1b+2bb-2b-1bbb+1bpb+9bbbb-4bbbbbbbb-1bb+1bb+4bbbb-2bbbb+3bbbb-1bbbb-4bbbbbbbb0bbbb-5bbbb+5bbbbbbbb0bbbbpbbbb;bbbbpbbbb+3bbbbbb0bb-1bbbb+1bb+2bbbb-2bb-1bbbb+1bbpbb-3bbbb+12bbbb-4bbbbbb0bbbbbbpbbbbbbbbbbbbbbbb-5bb0b-1bbbbbb+1bb+2bbbb-2bb-1bbbbbb+1bbpb+4bbbbbbbbbbbbbbbb0bbbbbbbbbbbb-9bbbb+5bb0b-1bbbbbb+1bb+2bbbb-2bb-1bbbbbb+1bbpb+10bbbb-3bbbbbbbbbbbb0bbbbbbbbbbbb-7bbbb+2bbbb-1bb+1bbbbbb+2bbbbbb-1bb+1bbbbbbpbb+1bbpbb+4bbpbb-4bbbbbbbbbbbbbbbbpbbbbbbbb-8bbbb+1bbbbbb+2bb-2bbbbbb+2bb+2bbbb-2bb-2bbbbbb+2bbpbb-3bbbb+12bbbb-4bbbbbbbbbbbb0bbbbbbbbbbbbpbbbb-5bbbbbb0bb-1bbbbbb+1bb+2bbbbbb-2bb-1bbbbbb+1bb+4bbbbbbbbbbbbbbbb0bbbbbbbbbbbb-9bbbb+5bbbbbb0bb-2bbbbbb+2bb+2bbbbbb-2bb-2bbbbbb+2bbpbbbbbbbb0bbbbbb+1bb+9bbbb-3bbbbbbbbbbbb0bbbbbbbbpbbbbbbbb-5bbbb-1bb+1bbbbbb+3bb-1bbbb-1bb+1bbbbbb+5bpb-4bbbbbbbbbbbbbbbb0bbbbbb0bb+2bbbbbb+1bb+1bbbbbbbbbbbb-2bbbb-2bbbbbbbbbbbb-1bbbb;0.8086737216777035;0.6653944020356234;0.799083269671505;0.944043321299639;0.781405177351738;1
spider;desert_song;pbbbbbb-3bb-1bb+1bb+7bbbb-2bb-2bb-2bb-4bb+3bb-2bbbb+3bb-4bb+1bb+10bbbb-1bb-7bbbbbb0bbbbbb0bb+4bb+3bb+5bbbb-2bb0bbbb-1bb-1bbbbbb-10bb+4bb+3bb+5bbbb-2bb-1b0b+1bb+1bb+1bbbbbb+2bb0b-5b+3b-2b-8bb0b+3b+4b-2b0bbbb-4bb0bbbbbb+6b0b-1b+1b+3bpb-5bbbb+2bb-2bbbb-2bb+9bbbbbb-7bb-1bb+1bb+4bbbb+3bb-3bb-4bb+7bb-2bbbbbb-5bbbb+2bb+1bbbb-3bb+2bbbbbbpbbbb-4bb+5bb-1bb+1bb-1bb-3bb+3bb-2bb-9bb+9bb-2bbbb0bb+3bb0bb0bb-1bb-5bb+3bb0bb-2bb-1bb+1bbbb-1bb0bb-1bb+1bb+1bb-1bb+1bb+2bb-1bb+3bb-2bbbbbb-1bb0bb+1bb+2bb-3bb-4bb+9bb0bb-2bb-2bbbbpbb;bb+1bb+6bb-2bb0bbbb-8bb+1bbbb+2bb+1bbbbbb0bb+7bb-1bb0bbbb-8bb+1bbb0b+1b+1b+1bbbbbb+1bb+8bb-2bb+2bbbb-4bb0bb-9bb+1bb+7bbbb-2bb0bb+7bb-5bb-2bbbb-2bb+2bbbb-2bb-3bbbbbb+1bb+6bb-2bb0bbbb-8bb+1bbbb+2bb+1bbbbbb0bb+7bb-1bb0bbbb-8bb+1bbbpb;0.6543905824068305;0.43352601156069365;0.6048387096774194;0.9782608695652174;0.7105198719274172;0
old_eli;someday_prince;bbbb+5bbbb0bbbb-5bbbb+1bbbb+1bbbb0bbbbbbbb0bbbb+8bbbb0bbbb-8bbbb+7bbbb-2bbbb0bbbbbbbb-7bbbb+12bbbb0bbbb-3bb-4bb-1bbbb0bbbb0bbbb-1bb+1bb+3bbbb-8bbbb+5bbbb-2bbbb-2bbbbbbbb0bbbbbbbb0bbbb+5bbbb0bbbb-5bbbb+1bbbb+1bbbb0bbbbbbbb0bbbb+8bbbb0bbbb-8bbbb+7bbbb-2bbbb0bbbbbbbb-7bbbb+12bbbb0bbbb-3bb-4bb-4bbbb+1bbbb0bbbb+3bbb+2b+2bbbb0bbbb0bbbbbb-2bb-2bbbbbbbb0bbpbb;bbbb+5bbbb-4bb+3bbbb-2bb0bbbbbb0bbbbbb+8bbbb-4bb+3bbbb-2bb0bb+2bb+1bb+2bb0bb0bb+4bb0bb0bb-4bbbbbb0bb-3bb+1bb+2bb0bb0bb+4bb0bb0bb-4bbbbbb0bbpbb-12bbbbbb+5bbbb-4bb+3bbbb-2bb0bbbbbb0bbbbbb+8bbbb-4bb+3bbbb-2bb0bb+2bb+1bb+2bbbb0bb+7bbbb-2bb-11bbb+1b-1b+1b+9bbbb-2bb-2bb0bb0bb0bbbb0bb0bbbbbb0bbbbbb;0.8596670946821374;0.7479674796747967;0.8558139534883721;0.9452054794520548;0.8196664890983646;1
alla_rancho;el_rancho_anonymous;bpb+3b0b0b-2b0b-1bb0b+1b-1b+1b+1b+1b-5bb-3b+3b-2b-1b+3b+5b0bb-5b+5b0b-2b0b-1b-4bbb-5bb+5b+4b+3bb-2b-1b+3b-8bbb-4bb+4b+3b+3bb-1b-2b+2b-4bbb-5bb+5b+4b+3bb-2b-1b+3b-8bbb-4bb+4b+3b+3bb-1b-2b+2b-4bbb;b+12bpb0b0bpb-1b0bpb-2bb+3bpb+2b-2b+2b+1b+1bb-6bb0bbpb-10b+2b-2b-1b+1bpbb+10bpb-3bbpb-7bpb+2bpb-2b+2bpb-2b+9bpb-4bb-5b+2b-2bpb-3b+3b+5bb+4bb0b-9bb+5b+4bpb+3bbbb-2bb-1bb+3b-8bbb0b-4b+4b+3bb+9bbbb-2bb-2bb-2b-1bbpbb0bpb-9b+5b+4bpb+3bbbb-2bb-1bb+3b-8bbb0b-4b+4b+3b+9bbbb-2bb-2bb-2b-1bbpb;0.798082014701093;0.6448275862068965;0.7840670859538784;0.9639175257731959;0.7340783392946927;1
chatterbox_carew;chatterbox_jerome;bb+5bb-5b+2b+3bb+4bb0bb0bb-2bb-7b+2b+3bb-5b+2b+3bb+4bb0bb0bb-2bb+5b+2b+5bbbb-3bb-2bb-2bb-3bbbb0b-2b-2bb+4b-2b-2bb-1bb+1bb+2bbbb-7b+2b+3bb-5b+2b+3bb+4bb0bb0bb-2bb-7b+2b+3bb-5b+2b+3bpb+4bb0bb0bb-2bb+5b+2b+5bbbb-3bb-2bb-2bb-3bbbb0b-2b-2bb+4b-2b-2bb-1bb+1bb+2bbbb+8b+2b+2b0b-4b+2b+2bb-2bb-2bb-3bbbb;b+3b-7bb+4b+3b-7bb+4b+3b-7bb+2b+3b-10bb0bb0bbbbbb+7b+3b-10bb+7b+3b-10bb+7b+3b-10bb+5b+4b-9bb0bb0bbbbbb0bb+2bb+2bb+1bb+2bb-2bb-1bb+8bb0bb0bbbbbb-2bb+2bb-2bb+2bb-2bb+2bb-2bb-1bb0bb0bbbbbb0b+3b-8bb+5b+3b-7bb+4b+3b-7bb+2b+3b-10bb0bb0bbbbbb+7b+3b-10bb+9b+1b-10bb+7b+3b-10bb+5b+4b-9bb0bb0bbbbbb;0.8763352300199676;0.7798165137614679;0.8762886597938144;0.8854166666666666;0.8130127050820327;0
kansas;roses;pbbbbbbbb-2bb-2bb-1bb+1bb+4bb+5bb-2bbbbbb-2bb-6b+1b+1bpb+3b-2b-3b-7b-5bbbbbbbbpbb+18bb-1bb-2bb-1bb+1bb+3bb+7bb-1bbbbbb-2bbpb-5b+1b+1b+3b-2b-3b-4b-8bbbbbbbbpbb+12bb-2bb-2bb-1bb+1bb+4bb+5bb-2bbbbbb-2bb-8bbbbbbbbpbb-7bb+3bb+2bb+4bb-2bb-4bb-3bb-2bb-1bb+5bbb-2b-2bbbbbbpbb;b-2b-2b-1b+1b+4b+3b+1bbbb+1bbbb-4bb-1b-2b-1b+1b+3b+4b+1bbbb+1bbbb+3bb-2b-1b0b+1b+2b-2b0bbbb-4bbbb+1bbb-10b0bbbb+10bbb-5b0bbbb0bb-2b-2b-1b+1b+4b+3b+1bbbb+1bbbb-4bb-1b-2b-1b+1b+3b+4b+1bbbb+1bbbb+3bb-2b-1b0b+1b+2b-2b0bbbb-6bbbb+3bbb-10b0bbbb+10bbb-2b0bbbb0bbbb0bpb;0.8447515137818551;0.7311475409836066;0.8446969696969697;0.8544061302681992;0.794912696501228;1
whisper_to_me;itallcomes;bbbb-1bbbb-7bb+7bbbbbb0bb0bb-2bbbb+2bb-2bbbbbb-5bb+3bb0bbbb0bb0bb-2bbbb-1bb+1bbbbbbbb0bbbbpbb0b0b+7bb-3bbbb-4bb+7bbbbbb0bb-1bb-4bbbb-3bb+7bbbbbb-7bb+5bbbbbb0bb0bb+2bbbb+1bb;pbbbbbbbbpbb0bbb0b0bb-4bb-1bbbb0bbb-2b+2b0b+3b-2b-3bbb0b+2b0b+3b-2b-3bbb-5b+3bbbbbbbb0bbbbbb+9bb0bbb0b0bb-4b-3bpbbbbbbbb;0.793505616105329;0.6404494382022472;0.7808219178082192;0.95;0.7781653746770026;1
kalamazoo_arnstein;kalamazoo_warren;bbb-5bbb0b-3bbbb0bbb0b0bb-4bb+4bb+3bb-7bb-5bb+5bb+4bb0bb-4bb+4bb+3bb-7bb-5bb+5bb+4bb+8bbpbb-5b+2b+2b-4bbpbb+5bbbbpb0b+2b-2bpb-8b0b0b0bbbb+8bbbb0b0b+2b-3bpb-8b0b0b0bbbb+9bbbb0b0b+2b-3bpb-9b0b0b0bbbb+10bbbb0bpb-12b0b0b0b-2b0b0bpb+9b0b0b0bbbb-9bbbb0b0b0b0bpb+8b0b0b0bbbb-9bbbb0b0b0b0b+8b0b0b0b0bbbb-9bbbb0b0b0b0bpb+8b0b0b0bbpbb-9bbbbbbpbb+12b+2b+2b+1bbbbpb-3b-2b-2b-1bbbb0b+5b-2b-2b0b+4b-2b-2b-1b+5b-2b-2b-1b+5b-2b-2bpbb-7bbbbbbpbb0bbbbbbpbb-1bbbbbbpbb-2bb-1bbpbb;bbbb0bbbb0bb0bb0bbbb0bb0bb0bbbb0bb0bb0bbbb0bb0bbb+4b+3bb+5bb0bbbbbbbb0bbbbbbbb-3bbbbbbbb-2bbb-7b0bb0bb0bbbbbbbb0bbbbbbbbpbbbbbb+7bb0bbb-2b-3bb+5bb0bbb-2b-3bb+5bb0bbb-2b-3bb+5bb0bbbbbb-2bb-1bbb-4b0bb0bb0bb0bbbb0bb0bb0bbbb0bb0bb0bbbb0bb0bbb+4b+3bb+5bb0bbbbbbbb0bbbbbbbb-3bbbbbbbb-2bbb-7b0bb0bb0bbbbbbbb0bbbbbbbbpbbbbbb+7bb0bbb-2b-3bb+5bb0bbb-2b-3bb+5bb0bbb-2b-3bb+5bb0bbbbbb-2bb-1bbb-4b0bb0bb0bb0bbbb0bb0bb0bbbb0bb0bbpbb;0.8506321148412227;0.7386138613861386;0.8496583143507973;0.8923444976076556;0.8099185392616107;0
prelude;dakota;bbbb0bbbbpbbbbbbbb+5bbbbbbbb+2bbbb+2bbbb-2bbbb-2bbbb-8bbbbbbbbbbbbbbbbbbbbbbbb+15bbbbbbbbbbbb+2bbbb-4bbbb+4bbbb-9bbbbbbbbbbbbbbbbbbbbbbbb+7bbbbbbbb-2bbbb-3bbbb-3bbbbpbbbb-2bbbb+5bbbb-7bbbbbbbbbbbb+2bbbb-2bbbb+7bbbb-7bbbbbbbb+2bbbbbbbb-2bbbb+7bbbb+5bbbbbbbbbbbbpbbbb+2bbbb-5bbbb+5bbbb-5bbbb+1bbbb-1bb-2bb+7bbbb-5bbbb+5bbbb-5bbbb+1bbbb-1bb-2bb+7bbbb0bb0bb0bbbb0bbbb0bb-2bb-2bb+2bbpbbbbbbbbbbbbbbbb-5bbbbbbbb+7bbbb0bb0bb0bbbb0bbbb0bb-2bb-2bb+2bbpbbbbbbbbbbbbbbbb-5bbbbbbbb+7bbbbbbbbbbbbbbbbpbbbbbbbb-5bbbb-9bbbb+5bbbb-5bbbb+2bbbb-2bb-2bb+7bbbb-5bbbb+5bbbb-5bbbb+2bbbb-2bb-2bb+7bbbb+4bb0bb-4bbbb0bbbb0bb-1bb-2bb+2bbpbbbbbbbbbbbbbbbb-6bbbbbbbb+7bbbb0bb0bb0bbbb0bbbb0bb-1bb-2bb+2bb+1bbbbbbbbbbbbbbbbpbbbbbbbb+4bbbb-5bbbb+5bbbb-5bbbb+1bbbb-1bb-2bb+7bbbb-5bbbb+6bbbb-6bbbb+1bbbb-1bb-2bb+7bbbb0bb0bb0bbbb0bbbb0bb-2bb-2bb+2bbpbbbbbbbbbbbbbbbb-5bbbbbbbb+7bbbb0bb0bb0bbbb0bbbb0bb-2bb-2bb+2bbpbbbbbbbbbbbbbbbb-5bbbbbbbb+7bbbbbbbbpbbbbbbbb+3bbbb-5bbbb+5bbbb-5bbbb+2bbbb-2bb-2bb+7bbbb-5bbbb+5bbbb-5bbbb+2bbbb-2bb-2bb+7bbbb0bb0bb0bbbb0bbbb+2bbbb0bbbb-2bbbb0bb0bb0bbbb0bbbb+2bbbb0bbbb-2bbbbbbbbbbbbbbbbpbbbbbbbb+4b+1b+2b-7b+2b+2b+1bbbbbb+2bbpbb+2bbbbbbbb-1bbbb+1bbbb+2bbbb-7bbbb+2bbbb+2bbbb+3b+1b+2b-7b+2b+2b-1bbbbbb+4bb+2bb-2bbpbb-2bbbb-1bbbb-2bbbb-2bbbb-1bbbb+7bbbb-9bbbbbbbbpbbbbbbbb;b+5b0bbbbbbbb+7bbbb-13bbb+5b0bb0bb0bbbbbbbb-5bb+5bb-2bb+5bb0bb+3bb-2bbpbb-9bbbb+3bbbb+3bbbb+3bbbb-7bb+6bb-2bb+5bb-3bb+5bb-2bb+5bb-14bbbb+4bbbb+2bbbb+3bbbb+4bbbbbbbbbbbbbbbbpbbbbbbbbbbbbbbbb+5bbbbbb-2b+2b-4bbbbbbbbpbbbbbbbb-1bbbbbbbb-1bbbbbbbbpbbbb+7bbpbbbb-7bb+2bb+2bb+2bbbb-6bbpbbbb+9bbbbbbbb+2bbbb+2bb-2bb-5bbbb+3bbbbbbbb-15bb-4bb+2bb-7bbbbpbb+8bbbb-1bb-2bb0bb-4b+2b-2b-3bpbb-2bbb+5b0bbbbbbbbpbbbb+14bbbb+9bb-2bb+2bb-3bbbbpbb-2bbbbbbbbbbbb+1bbbb-1bbbbbbbb-2bbbbbbbb-5bbbbbbbbbbbbbbbb+5bbbbbbbbbbbbbbbb;0.622073334037745;0.3898039215686275;0.5609480812641083;0.9880715705765407;0.7023169587155859;1
vagyok;perhaps;pbb+2b-2b+5b-3b-2b-3b-2bbbbbbbbpb0b+2b-2b+5b-3b-2b-3b-2bbbbbbbbpb-2b0b+2b0b+3b0b-3b+3bb0bb0b-3b+3b-3b+2bb0bb0b-4b+4b-4b+2bbbbbbbbpb+10b+2b-2b+5b-3b-2b-3b-2bbbbbbbbpb0b+2b-2b+2b-2b+2b-2b-2bbbbbbbbpb0b0b+2b0b-2b+2b+1b+1bbbbbbbbpb0b+5b-5b+3b-3b-9b+2b+3bbbbbbbb;pbb+2b-2b+5b-3b-2b-3b-2bbbbbbbbpb0b+2b-2b+5bb-3bb-7bbbbbbbbpb-2b+2b+2b+3b-2b-1b+1b+7bbbbbbbbpb-5b+2b+5b-5bb-1bb+1bbbbbbbbpb+3b+2b-2b+5b-3b-2b-3b-2bbbbbbbbpb0b+2b-2b+5bb-3bb-4bbbbbbbbpb0b+2b+2b-2b-2b+2b+2b+7bbbb-2bbbbpb-9b+2b+2b+7bb0bb-4bbbbbbpbb;0.9405077944699591;0.8872180451127819;0.9402390438247012;0.963265306122449;0.8715346971077556;1
messiah;fence;pbb-1bb-2b-2bb+2b+2bbb+1bbb+2bb-3b+3bbb0bb0b-2bb-1b-2bbbbbb0bbb+3bb-1b-2bbbbbb0bbbpbb+3bb-1b-2bb+2b+1bbb+2bbb+2bb-4b+4bbb0bbb+2bbb+1bb-5b-3bbb0bbb+3bb-2b-1bbbbbb0bbbpbb0bb-2b-2bb+2b+2bbb+1bbb+2bb-3b+3bbb0bbb+2bbb+1bb0b-1bb-2b-2bbb-1bbb+5bbbbbb0bbpb;pbbbbbbbb+5bbbb+2bbbb+2bbbb0bbb-1b+1bbbb0bbb-1b+1bbb-2b-2bbb+2b+2bbbbbbbb0bbbbbbbb+1bbbb-1bb-2bb0bbbbbbbbbbbb-3bbb+1b+2bbbb0bbb-1b+1bbbb0bbb-1b+1bbb-2b-1bbb+1b+2bbbbbbbb+5bbbbbbbb0bbbbbb-2bb-1bbbbbbbbbbbb-4bbb+2b+2bbbb0bbb-1b+1bbbb0bbb-1b+1bbbb0bbbb-2bb-2bbbbbb+5bbb-1b+1bbb0b+4bbb-5b+1bbb+2b+2bbb-1b+1bbbb-2bb-2bbbbbb-1bbb-1b+1bbb+1b+2bbb-1b+1bbb+2b+1bbbb-1bbbb-2bb-2bbbbbb-1bbbbbbbb0bbbb-2bb-2bb0bbbb0bbbb0bbbb0bbbb0bbbb-3bbb+2b+1bbb-1b-2bbb+2b+1bbb-1b-2bbb+2b+1bbb+2b-2bbb-3b-2bbbbbbbbbbbbbbbb;0.6842968850192396;0.47619047619047616;0.6451612903225806;0.967741935483871;0.7147697620011697;1
shepherd;beginthebeguine;pbbbbbbbbbbbbbbbbbb+5bb+2bb+1bb+3bbbbbb+1bbbbbb+2bb-2bb-1bb-3bbbbbb-1bbbb0bb-2bb-1bb-3bb+3bbbbbb-4bbbbbb+1bb-1bb-2bb+2bbbbbbbbbbbbpbb+6bb0bb+2bb+2b0b+2bbbb-2bb+2bbbbbb0bbbbbb+2bbbb-2bb-1bb0bb0bbb-5bb-3bb+5bbpb+2bbbb-3bb-2bb-3bb+5bb-2bb0bbbbpbbbbbbbbbbbbbbbbbb;pbbbbbbbbbbbbbbbbbbbb+2bbbb+5bbbbbbbb0bbbbbbbb0bb-3bbbb-2bb+2bbbbbbbbbbbbbbbb0bbbbbbbb+1bbpbb-5bbbb0bbbb+2bbbb+7bbbbbbbb+2bbb-2b+2bbb-2b+2bbb-2b+2bbb+1b+2bbb-1b+1bbbb-2bb-1bbbbbb-2bbb-1b+1bbb+2b+1bbb-1b+1bbb+2b+1bbbb-1bbbb-2bb-1bbbbbb-2bbbbbbbb0bbbb-2bb-2bb0bbbb0bbbb0bbbb0bbbb0bbbb-3bbb+2b+1bbb-1b-2bbb+2b+1bbb-1b-2bbb+2b+1bbb+2b-2bbb-3b-2bbbbbbbbbbbbbbbb;0.8200200401533435;0.680327868852459;0.8097560975609757;0.9613899613899614;0.8106375003288498;1
amothersprayer;myownsweet;bb+5bb+2bbpbb+1bb-1b-2bbbbbbbb0bb-1bb+1b+2bbb-5b+2bbbbbbbbpbb-4bb+10bb-2b-1bbbbbbbb0bb-2bb+2b+1bbb-1b-2bbbbbbbbpbb-5bb+12bb-2b-2bbbbbbbb0bb+2bb+2b+1bb-1b-2bbbbbbbb0bb+2bb+1b-1bb-12bb+4bb+3bb+5bb-2bb-3bbbb-2bbbbbbbbbbbb-5bb+5b+2b+1bbb-1b-2bbbbbbbb0bb-1b+1b+2bbb-5b+2bbbbbbbbpbb-4bb+10bbb-2b-1bbbbbbbb0bb-2b+2b+1bbb-1b-2bbbbbbbbpbb-5bb+12bbb-2b-2bbbbbbbb0bb+2b+2b+1bbb-1b-2bbbbbbbb0bb+2b+1b-1bb-12bb+4bb+3bb+5bb-2bb-2bbbb-3bbbbbbbbbbbbpbbbb;b+2b+2bpb+1bbb+2b+2b+5b-2b-3b-2bb-5bbpb0b+5b-2b-1bbb+1b+2b+7b-2b-5b+1bb+1bbpb-9b+2b+2b+1bbb+2b+2b+5b-2b-3b-2bb-5bbpb+12b+2b-2b-2bbb-1b-1b-3b-5b+2b+1bb0bpb-1b+1b+2b+2bbb+1b-1b-2b-2b-1b+3bb-2bbpb-1b+1b+1b+1bbb-5b+8b-1b-2b-2b-1bbbbpb-4b+2b+2b+1bbb+2b+2b+5b-2b-3b-2bb-5bbpb+12b+2b-2b-2bbb-1b-1b-3b-5b+2b+1bb0bpb;0.7881186409552066;0.6337719298245614;0.7758389261744967;0.9413680781758957;0.7413409333387614;0
sadness;youdbesonice;bbbb-1bbbb-2bbbb-5bbbb-4bb+4bb-2bbbbbbbbbbbb0bbbbbbbbbbbb+9bbbbbbbb-3bbbb-4bbbb-2bbbb-2bb-1bb-2bbbbbbbbbbbb0bbbbbbbbbbbb+15bbbbbbbb-1bbbb-2bbbb-5bbbb-4bb+4bb-2bbbbbbbbbbbb0bbbbbbbbpbbbb+2bbbb+2bbbb+2bbbb+3bbbbbbbb-3bbbb+1bbbbbbbbbbbb0bbbbbbbbpbb0bb-2bb+2bb-2bbbbbb-5bbpbbbbbbbbbbbb+3bbb-1b0bbbbbb0bbpbbbbbbbbbbbb+3bb+2bb-2bbbbbbpbb;bb+5bbpbbbb-2bbbbbbbb0bbbb-1b-2bb-1b+1bbbb-5bbbb0bbbb-1bb+1bb+5bbbbbbbb-2bbbb0b-3bb-2b-2bbbbbbbb0bbbb+2bb+2bb+1bbbbbb0bb-1bbbb0b+4bb+3b+3bbbbbb-3bb+1bbbb0b+2bb+1b+1bbbbbb-4bb+3bbbb-3bbb-1b0bbbbbbbb0bbbb-2bb+2bb+1bbbbbbbb-1bbbb0b-2bb-1b+1bbbb-5bbbb0bbbb0bb+1bb+4bb+3bb-3bbbb;0.8216779502984229;0.6918767507002801;0.8178807947019867;0.9047619047619048;0.7987779461141779;1
twilightwaltz;calledlove;pbbbb0bb-12bbbbbb+24bbpbb-24bb-2bb+2bbpbb+10bb0bb-12bbbbbbpbb+12bb0bb-12bbbbbbpbb+12bb0bb-12bbbbbb+24bbpbb-24bb-3bb+3bbpbb+11bb+12bb-24bbbbbb+24bb-12bb0bb-12bbbbbbpbb+10bb+12bb-24bbbbbb+24bbpbb-24bb-2bb-3bbpbb+20bb+12bb-30bbbbbb+30bbpbb-30bb-2bb-2bbpbb+10bb+12bb0bbpbb+2bb+2bb+3bb-12bb-12bbpbb+21bb+3bb-12bbbbbb+12bbpbb-12bb-3bb+3bb+7bb0bb+4bbpbb0bb-12bbbbbb-6bb+2bb+2bb+2bbbbbb0bb+1bb-1bb-7bbbbbbpbb+17bb+3bb-15bbbbbb+17bb-2bb-3bb-12bbbbbbpbb+10bb0bb-12bbbbbb+12bbpbb-12bb-2bb-3bbpbb+14bb+3bb-15bbbbbb+17bbpbb-17bb-2bb-2bbpbb+11bb+12bb-24bbbbbb+24bbpbb-24bbpbb+13bb+2bb+15bbbbbb-20bbb+2b0b+1b+4bbb-2b0b-1b+3bbb-2b0b-1b+1bbbbbb-10bbb+1b+1b+1b+4bbb-2b0b-1b+3bbb-2b0b-1b+1bbbbbb;bbpbb-6bb-3bb0bbbb0bbbb+3bbbb-2bbbbbbbbpbbbb0bb0b-1bb0b0bbbb0bbbb-4bbbb+1bbbbbbbbpbbbb+6bb0bb-3bb0bbbb0bb+3bb0bbb-1b-1bbbbbbbbpbbbb0bb0b-1bb0b0bbbb0bb-4bb0b0bbb-3bbbbbbbbpbbbb+15bb0bb-3bb0bbbb0bb+3bb0bb+2bb-3bbbbbbbbpbbbb0bb-2bb-4bb0bbbb+1bb+3bb0bb-2bb-3bbbbbbbbpbb+3bb0bb0bb0bb-3bb0bbbb0bb+3bb0b+2bb-2b-2bbbbbbbbpbbbb0bb0bb-1bb0bbbb0bbbb+8bbbb;0.6884707827604145;0.48255813953488375;0.6509803921568628;0.9651162790697675;0.7384255613343701;1
tonighthesailedagain;iloveyouyesido;pbbbb-8bb+1bb+11bbb-2b0bbbbpbb-4bb-4bb+1bb+7bbb-2b0bbbbpbb-3bb+5bb-2bb0bbb0b-2bb+4bb-5bb-2bb-2bb+2bb+2bbbbbbbbpbb+3bb-8bb+1bb+11bbb-2b-4bbbb;pbbbb0bb0bb0bbb-3b0bbbb0bb+2bb0bb0bb0bbb-4b-4bbbbbb-3bb+5bb-2bb0bbb-2b0bbbbpbbbb-5bb+2bb;0.7387687194103584;0.5616438356164384;0.7192982456140351;0.9318181818181818;0.7619417168197655;0
thehappywhistler;sanfranciscobrewingad;bbbb0bbbb+5bb0bbpbb0bbbb+4bbbb+3bb+2bb-2bb-7bbpbb+4b-2bb-2bb-3b-2bbbb+9bbbb0bbbb-4bb+2bbpbbbbbbbb-7bb0bbbb+5bbbb0bbbb+4bbbb+3bb+2bb-2bb-2bb-1bb-2bb-2bb-3bb-2bbbb+9bbbb0bbbb-2bb-2bbpbbbbbbbb+7bb+2bb0bb+3bbbb0bbbb-3bbbb-2bb+2bb-2bb-3bb0bb-2bb-2bb0bb+4bbbb+3bbbb0bbbb-3bb+3bbpbbbbbbbb0bbbb+2bb0bb+3bb0bb0bbbb-3bbbb-2bb+2bb-2bb-3bb0bb-2bb-2bb-3bb-2bbbb+9bbbb0bbbb-2bb-2bb;bb+3bb0bb+2bb+3b-3b+3b0bb-2b-3b-4b+4bbbbpb+3b+2b-2b+3b-1b-2b-2b+2bb+2bb-14bb+4bb0bb+3bb+5b+2b-2b-3b0b-2b-2b-3b-2bb+12bb0bb-2b-1bpbbbbbb-5bb+5bb0b;0.6112263654571317;0.38005390835579517;0.55078125;0.9724137931034482;0.6649692835766591;1
muehlebachbeersmith;timeformuehlebach;bb-5bb+5bb-5bb+5bb-5bb+5bb-5bb-7bb+5bbbbbbbbbb-5b+2b+1bb+2bb-3bbbbbbbb0bb-5b+1b+2bb+2bb-2bbbbbbbbbb-1b+1b+2bb-3bb-2bbbbbbbbbbbbbb-5b0b+12bbbbbbbb0bb-5b+2b+1bb+2bb-3bbbbbbbb0bb-5b+1b+2bb+2bb-2bbbbbbbbbb-1b+1b+2bb-3bb+1bbbbbbbb;bbbb-4bbbb+4bbbb-4bbbb+4bbbb-4bbbb+4bbbb-4bbbb+4bbbb-4bbbb+4bbbb-4bbbb+4bbbb-4bbbb+4bbbb-4bbbb+4bbbb-4bbbb+4bbbb-4bbbb+4bbbb-4bbbb+4bbbb-4bbbbpbbbb-10bpb+3b0bbbb-2bb+2bbbbbbbbbbbbbbbb-2bbbb-1bpb+1bpb+2bbbb-3bbbb+1bbbbbbbbbbbbbbbb0bbbb;0.8018970858983525;0.6690909090909091;0.8017429193899782;0.8177777777777778;0.7937588257153475;0




hessofine;menusong;1, hessofine.xml, pbbbbbb-3b-2b0bbbbbbbb0bbpbb+5b0b-3b-2b+2bbbbbbbb-2bbpb+5b0bb-3bb-2b+2b-4b+2b0bbbb0bbpb+5b0bb0b-3b0bb-4bb+4b-2bbbpb+5b0b+2b+3b-5b+5b-3bpbbbb+3bpb-5b+2bb+5b-2b0b-3b+3bbbbbbbbpb-5b+2bb+3b-3b+3bb+2bb-5b0b+3bbbbpb-5b+2b+3b0b-3b+3b0b0bbbbbbbbpb-5b-3b+3b0b0bb-3b-2bbbbbbbb0bbpbb+5bb-3bb-2b+2b-4b+2b0bbbbpbb0bbpbb+5bb-3bb-2b+2b-4b+2b0bbbb0bbpb0b-2b+7bb-3b-2b+2b-4b+2b0bbbb;2, menusong.xml, pbbbbbbbbbbbbbbbbbb0b0b0b0b0b0b0b0b0b0b0b0b0b0b0b0b0b0b0b0b0b0b0b0b0b0b0b0b0b0b+2b0b0b0b0b0b0b0b0b0b0b0b0b0b0b0b0b0b0b0b0b0b0b0b0b0b0b0b0b0b0b0b-2b0b0b0b0b0b0b0b0b0b0b0b0b0b0b0b0b0b0b0b0b0b0b0b0b0b0b0b0b0b0b0b0b0b0b0b0b0b0b0b0b0b0b0b0b0b0b0b;0.5408037338326486;0.3609341825902335;0.5304212168486739;0.6589147286821705;0.6362204371294534;1

nearyou;sanfranciscobrewingad;1, nearyou.xml, bpb-1bpb+3bb-2b-1b-1bbbb-2b+1bbb0bb0b-1b+2bb-1b-1b-1bbbb-3b+1bbb0bbbb-1b+1b+2b+2b+1bbbb+4b-2b-1b+3b-2bbbb-5b+2b+2b+1b+2bb-1b+1b+2b-2b-4b-1b-2bb+5b-1b+3bb-2b-1b-1bbbb-2b+1bbb0bb0b-1b+2bb-1b-1b-1bbbb-3b+1bbb;2, sanfranciscobrewingad.xml, bb+3bb0bb+2bb+3b-3b+3b0bb-2b-3b-4b+4bbbbpb+3b+2b-2b+3b-1b-2b-2b+2bb+2bb-14bb+4bb0bb+3bb+5b+2b-2b-3b0b-2b-2b-3b-2bb+12bb0bb-2b-1bpbbbbbb-5bb+5bb0b;0.7678241826331914;0.6163265306122448;0.7626262626262627;0.8628571428571429;0.7208475184945774;1

mysweetlord;nearyou;1, mysweetlord.xml, pbbbbbbbb0b-3bb0b0bbpbb+3bbb0b-3b-2b+2b-2bbpbb+5bbb0b-3b0b0b-2bbpbb+2b+3b+2b+3b-3b+3bb0bbpbbbb-5b+2b+3b-3b+3bb0b0bpbbbb-5b+2b+3b-3b+3bb0b0b0b-8b+1b+2b0b+3b-1b-2b0b-3b-2b0b0bbpbb+5bb-3b0b0bb0b;2, nearyou.xml, bpb-1bpb+3bb-2b-1b-1bbbb-2b+1bbb0bb0b-1b+2bb-1b-1b-1bbbb-3b+1bbb0bbbb-1b+1b+2b+2b+1bbbb+4b-2b-1b+3b-2bbbb-5b+2b+2b+1b+2bb-1b+1b+2b-2b-4b-1b-2bb+5b-1b+3bb-2b-1b-1bbbb-2b+1bbb0bb0b-1b+2bb-1b-1b-1bbbb-3b+1bbb;0.7826171130132957;0.6425855513307985;0.7824074074074074;0.8009478672985783;0.7546262005741751;1

menusong;mysweetlord;1, menusong.xml, pbbbbbbbbbbbbbbbbbb0b0b0b0b0b0b0b0b0b0b0b0b0b0b0b0b0b0b0b0b0b0b0b0b0b0b0b0b0b0b+2b0b0b0b0b0b0b0b0b0b0b0b0b0b0b0b0b0b0b0b0b0b0b0b0b0b0b0b0b0b0b0b-2b0b0b0b0b0b0b0b0b0b0b0b0b0b0b0b0b0b0b0b0b0b0b0b0b0b0b0b0b0b0b0b0b0b0b0b0b0b0b0b0b0b0b0b0b0b0b0b;2, mysweetlord.xml, pbbbbbbbb0b-3bb0b0bbpbb+3bbb0b-3b-2b+2b-2bbpbb+5bbb0b-3b0b0b-2bbpbb+2b+3b+2b+3b-3b+3bb0bbpbbbb-5b+2b+3b-3b+3bb0b0bpbbbb-5b+2b+3b-3b+3bb0b0b0b-8b+1b+2b0b+3b-1b-2b0b-3b-2b0b0bbpbb+5bb-3b0b0bb0b;0.5657477697364389;0.3916913946587537;0.5628997867803838;0.6255924170616114;0.6459217746322427;1

does_anybody;motheranddad;1, does_anybody.xml, bbbbpbbbb-3bb+1b+1b+1b+2bb-2b-1bb+1bpb+9bbbb-4bbbb0bbbb-5b+1bb+1b+2bbbb-2bbbb-1bbbb+1bbbb+5bbbbbbbb0bbbbpbbb+2b-4bbbbbb+2bb-3bbbbbb+1bb-3bb+2b-4bb+2b-4bbbbbbbbpbb-1bb+1bb+1bb+1bb+1b+3bb-2b-2bb+2bpb-5bbbbbbbb0bbbb+3bbbb-3bb+1b+1bb+1b+2bb-2bpb-1bb+1bpb+9bbbb-4bbbb0bbb-5b+1bb+1bpb+2bbb-2b-1bb+1b+5bbbbpb-6bbbb+1bbbbbbbb0bbbbpbbbb+3bbb+2b-3bbb+1b-3bb+2b-4bbb+2bpb-4bbbb+6bbbb0bbbbbbbb0bb+1b-3bbb+2b-4bbb+2b-4b+2bpb-3bbbb+5bbbb0bbbbbb-2bb-3bb+1b+1bb+1b+2bb-2b-1bbb+1bpb+9bbbb-4bbbbbbbb-1bb+1bb+4bbbb-2bbbb+3bbbb-1bbbb-4bbbbbbbb0bbbb-5bbbb+5bbbbbbbb0bbbbpbbbb;2, motheranddad.xml, b+1bpbb+1bb-2bb-1bb-1bb-1bbb-1b+1bbbbbb0bbbb+3b+1b+1bb-2bb-3bb-4bb+4bb+5bb-2bbbbbb0bbbb0b-1b-1bb-1bbb-1b+1bbbb+3b-1b-1bbbb-1bb+5bbbb-5b0b0bb-2bb-2bb-1bb-3bb+1bb+5bbbbbb0bbbb+2b+1b+2bb-2bb-1bb-4bb+2bbb+2b-2bbbbbb0bbbb+2b+1b+2bb-2bb-1bb+1bb-8bb+3bb+4bbbbbb0bbbbpbb;0.6841982230907687;0.4742268041237113;0.6433566433566433;0.9752650176678446;0.7145569382564313;1

does_anybody;motheranddad;1, does_anybody.xml, bbbbpbbbb-3bb+1b+1b+1b+2bb-2b-1bb+1bpb+9bbbb-4bbbb0bbbb-5b+1bb+1b+2bbbb-2bbbb-1bbbb+1bbbb+5bbbbbbbb0bbbbpbbb+2b-4bbbbbb+2bb-3bbbbbb+1bb-3bb+2b-4bb+2b-4bbbbbbbbpbb-1bb+1bb+1bb+1bb+1b+3bb-2b-2bb+2bpb-5bbbbbbbb0bbbb+3bbbb-3bb+1b+1bb+1b+2bb-2bpb-1bb+1bpb+9bbbb-4bbbb0bbb-5b+1bb+1bpb+2bbb-2b-1bb+1b+5bbbbpb-6bbbb+1bbbbbbbb0bbbbpbbbb+3bbb+2b-3bbb+1b-3bb+2b-4bbb+2bpb-4bbbb+6bbbb0bbbbbbbb0bb+1b-3bbb+2b-4bbb+2b-4b+2bpb-3bbbb+5bbbb0bbbbbb-2bb-3bb+1b+1bb+1b+2bb-2b-1bbb+1bpb+9bbbb-4bbbbbbbb-1bb+1bb+4bbbb-2bbbb+3bbbb-1bbbb-4bbbbbbbb0bbbb-5bbbb+5bbbbbbbb0bbbbpbbbb;2, motheranddad.xml, b+1bpbb+1bb-2bb-1bb-1bb-1bbb-1b+1bbbbbb0bbbb+3b+1b+1bb-2bb-3bb-4bb+4bb+5bb-2bbbbbb0bbbb0b-1b-1bb-1bbb-1b+1bbbb+3b-1b-1bbbb-1bb+5bbbb-5b0b0bb-2bb-2bb-1bb-3bb+1bb+5bbbbbb0bbbb+2b+1b+2bb-2bb-1bb-4bb+2bbb+2b-2bbbbbb0bbbb+2b+1b+2bb-2bb-1bb+1bb-8bb+3bb+4bbbbbb0bbbbpbb;0.6841982230907687;0.4742268041237113;0.6433566433566433;0.9752650176678446;0.7145569382564313;1




mysweetlord;nearyou;1, mysweetlord.xml, pbbbbbbbb0b-3bb0b0bbpbb+3bbb0b-3b-2b+2b-2bbpbb+5bbb0b-3b0b0b-2bbpbb+2b+3b+2b+3b-3b+3bb0bbpbbbb-5b+2b+3b-3b+3bb0b0bpbbbb-5b+2b+3b-3b+3bb0b0b0b-8b+1b+2b0b+3b-1b-2b0b-3b-2b0b0bbpbb+5bb-3b0b0bb0b;2, nearyou.xml, bpb-1bpb+3bb-2b-1b-1bbbb-2b+1bbb0bb0b-1b+2bb-1b-1b-1bbbb-3b+1bbb0bbbb-1b+1b+2b+2b+1bbbb+4b-2b-1b+3b-2bbbb-5b+2b+2b+1b+2bb-1b+1b+2b-2b-4b-1b-2bb+5b-1b+3bb-2b-1b-1bbbb-2b+1bbb0bb0b-1b+2bb-1b-1b-1bbbb-3b+1bbb;0.7826171130132957;0.6425855513307985;0.7824074074074074;0.8009478672985783;0.7546262005741751;1

menusong;mysweetlord;1, menusong.xml, pbbbbbbbbbbbbbbbbbb0b0b0b0b0b0b0b0b0b0b0b0b0b0b0b0b0b0b0b0b0b0b0b0b0b0b0b0b0b0b+2b0b0b0b0b0b0b0b0b0b0b0b0b0b0b0b0b0b0b0b0b0b0b0b0b0b0b0b0b0b0b0b-2b0b0b0b0b0b0b0b0b0b0b0b0b0b0b0b0b0b0b0b0b0b0b0b0b0b0b0b0b0b0b0b0b0b0b0b0b0b0b0b0b0b0b0b0b0b0b0b;2, mysweetlord.xml, pbbbbbbbb0b-3bb0b0bbpbb+3bbb0b-3b-2b+2b-2bbpbb+5bbb0b-3b0b0b-2bbpbb+2b+3b+2b+3b-3b+3bb0bbpbbbb-5b+2b+3b-3b+3bb0b0bpbbbb-5b+2b+3b-3b+3bb0b0b0b-8b+1b+2b0b+3b-1b-2b0b-3b-2b0b0bbpbb+5bb-3b0b0bb0b;0.5657477697364389;0.3916913946587537;0.5628997867803838;0.6255924170616114;0.6459217746322427;1



does_anybody;motheranddad;1, does_anybody.xml, bbbbpbbbb-3bb+1b+1b+1b+2bb-2b-1bb+1bpb+9bbbb-4bbbb0bbbb-5b+1bb+1b+2bbbb-2bbbb-1bbbb+1bbbb+5bbbbbbbb0bbbbpbbb+2b-4bbbbbb+2bb-3bbbbbb+1bb-3bb+2b-4bb+2b-4bbbbbbbbpbb-1bb+1bb+1bb+1bb+1b+3bb-2b-2bb+2bpb-5bbbbbbbb0bbbb+3bbbb-3bb+1b+1bb+1b+2bb-2bpb-1bb+1bpb+9bbbb-4bbbb0bbb-5b+1bb+1bpb+2bbb-2b-1bb+1b+5bbbbpb-6bbbb+1bbbbbbbb0bbbbpbbbb+3bbb+2b-3bbb+1b-3bb+2b-4bbb+2bpb-4bbbb+6bbbb0bbbbbbbb0bb+1b-3bbb+2b-4bbb+2b-4b+2bpb-3bbbb+5bbbb0bbbbbb-2bb-3bb+1b+1bb+1b+2bb-2b-1bbb+1bpb+9bbbb-4bbbbbbbb-1bb+1bb+4bbbb-2bbbb+3bbbb-1bbbb-4bbbbbbbb0bbbb-5bbbb+5bbbbbbbb0bbbbpbbbb;2, motheranddad.xml, b+1bpbb+1bb-2bb-1bb-1bb-1bbb-1b+1bbbbbb0bbbb+3b+1b+1bb-2bb-3bb-4bb+4bb+5bb-2bbbbbb0bbbb0b-1b-1bb-1bbb-1b+1bbbb+3b-1b-1bbbb-1bb+5bbbb-5b0b0bb-2bb-2bb-1bb-3bb+1bb+5bbbbbb0bbbb+2b+1b+2bb-2bb-1bb-4bb+2bbb+2b-2bbbbbb0bbbb+2b+1b+2bb-2bb-1bb+1bb-8bb+3bb+4bbbbbb0bbbbpbb;0.6841982230907687;0.4742268041237113;0.6433566433566433;0.9752650176678446;0.7145569382564313;1


does_anybody;motheranddad;1, does_anybody.xml, bbbbpbbbb-3bb+1b+1b+1b+2bb-2b-1bb+1bpb+9bbbb-4bbbb0bbbb-5b+1bb+1b+2bbbb-2bbbb-1bbbb+1bbbb+5bbbbbbbb0bbbbpbbb+2b-4bbbbbb+2bb-3bbbbbb+1bb-3bb+2b-4bb+2b-4bbbbbbbbpbb-1bb+1bb+1bb+1bb+1b+3bb-2b-2bb+2bpb-5bbbbbbbb0bbbb+3bbbb-3bb+1b+1bb+1b+2bb-2bpb-1bb+1bpb+9bbbb-4bbbb0bbb-5b+1bb+1bpb+2bbb-2b-1bb+1b+5bbbbpb-6bbbb+1bbbbbbbb0bbbbpbbbb+3bbb+2b-3bbb+1b-3bb+2b-4bbb+2bpb-4bbbb+6bbbb0bbbbbbbb0bb+1b-3bbb+2b-4bbb+2b-4b+2bpb-3bbbb+5bbbb0bbbbbb-2bb-3bb+1b+1bb+1b+2bb-2b-1bbb+1bpb+9bbbb-4bbbbbbbb-1bb+1bb+4bbbb-2bbbb+3bbbb-1bbbb-4bbbbbbbb0bbbb-5bbbb+5bbbbbbbb0bbbbpbbbb;2, motheranddad.xml, b+1bpbb+1bb-2bb-1bb-1bb-1bbb-1b+1bbbbbb0bbbb+3b+1b+1bb-2bb-3bb-4bb+4bb+5bb-2bbbbbb0bbbb0b-1b-1bb-1bbb-1b+1bbbb+3b-1b-1bbbb-1bb+5bbbb-5b0b0bb-2bb-2bb-1bb-3bb+1bb+5bbbbbb0bbbb+2b+1b+2bb-2bb-1bb-4bb+2bbb+2b-2bbbbbb0bbbb+2b+1b+2bb-2bb-1bb+1bb-8bb+3bb+4bbbbbb0bbbbpbb;0.6841982230907687;0.4742268041237113;0.6433566433566433;0.9752650176678446;0.7145569382564313;1







menusong;mysweetlord;1, menusong.xml, pbbbbbbbbbbbbbbbbbb0b0b0b0b0b0b0b0b0b0b0b0b0b0b0b0b0b0b0b0b0b0b0b0b0b0b0b0b0b0b+2b0b0b0b0b0b0b0b0b0b0b0b0b0b0b0b0b0b0b0b0b0b0b0b0b0b0b0b0b0b0b0b-2b0b0b0b0b0b0b0b0b0b0b0b0b0b0b0b0b0b0b0b0b0b0b0b0b0b0b0b0b0b0b0b0b0b0b0b0b0b0b0b0b0b0b0b0b0b0b0b;2, mysweetlord.xml, pbbbbbbbb0b-3bb0b0bbpbb+3bbb0b-3b-2b+2b-2bbpbb+5bbb0b-3b0b0b-2bbpbb+2b+3b+2b+3b-3b+3bb0bbpbbbb-5b+2b+3b-3b+3bb0b0bpbbbb-5b+2b+3b-3b+3bb0b0b0b-8b+1b+2b0b+3b-1b-2b0b-3b-2b0b0bbpbb+5bb-3b0b0bb0b;0.5657477697364389;0.3916913946587537;0.5628997867803838;0.6255924170616114;0.6459217746322427;1



menusong;mysweetlord;1, menusong.xml, pbbbbbbbbbbbbbbbbbb0b0b0b0b0b0b0b0b0b0b0b0b0b0b0b0b0b0b0b0b0b0b0b0b0b0b0b0b0b0b+2b0b0b0b0b0b0b0b0b0b0b0b0b0b0b0b0b0b0b0b0b0b0b0b0b0b0b0b0b0b0b0b-2b0b0b0b0b0b0b0b0b0b0b0b0b0b0b0b0b0b0b0b0b0b0b0b0b0b0b0b0b0b0b0b0b0b0b0b0b0b0b0b0b0b0b0b0b0b0b0b;2, mysweetlord.xml, pbbbbbbbb0b-3bb0b0bbpbb+3bbb0b-3b-2b+2b-2bbpbb+5bbb0b-3b0b0b-2bbpbb+2b+3b+2b+3b-3b+3bb0bbpbbbb-5b+2b+3b-3b+3bb0b0bpbbbb-5b+2b+3b-3b+3bb0b0b0b-8b+1b+2b0b+3b-1b-2b0b-3b-2b0b0bbpbb+5bb-3b0b0bb0b;0.5657477697364389;0.3916913946587537;0.5628997867803838;0.6255924170616114;0.6459217746322427;1


hessofine;motheranddad;1, hessofine.xml, pbbbbbb-3b-2b0bbbbbbbb0bbpbb+5b0b-3b-2b+2bbbbbbbb-2bbpb+5b0bb-3bb-2b+2b-4b+2b0bbbb0bbpb+5b0bb0b-3b0bb-4bb+4b-2bbbpb+5b0b+2b+3b-5b+5b-3bpbbbb+3bpb-5b+2bb+5b-2b0b-3b+3bbbbbbbbpb-5b+2bb+3b-3b+3bb+2bb-5b0b+3bbbbpb-5b+2b+3b0b-3b+3b0b0bbbbbbbbpb-5b-3b+3b0b0bb-3b-2bbbbbbbb0bbpbb+5bb-3bb-2b+2b-4b+2b0bbbbpbb0bbpbb+5bb-3bb-2b+2b-4b+2b0bbbb0bbpb0b-2b+7bb-3b-2b+2b-4b+2b0bbbb;2, motheranddad.xml, b+1bpbb+1bb-2bb-1bb-1bb-1bbb-1b+1bbbbbb0bbbb+3b+1b+1bb-2bb-3bb-4bb+4bb+5bb-2bbbbbb0bbbb0b-1b-1bb-1bbb-1b+1bbbb+3b-1b-1bbbb-1bb+5bbbb-5b0b0bb-2bb-2bb-1bb-3bb+1bb+5bbbbbb0bbbb+2b+1b+2bb-2bb-1bb-4bb+2bbb+2b-2bbbbbb0bbbb+2b+1b+2bb-2bb-1bb+1bb-8bb+3bb+4bbbbbb0bbbbpbb;0.762396891215117;0.6048192771084338;0.7537537537537538;0.8869257950530035;0.751808561943108;1



motheranddad;mysweetlord;1, motheranddad.xml, b+1bpbb+1bb-2bb-1bb-1bb-1bbb-1b+1bbbbbb0bbbb+3b+1b+1bb-2bb-3bb-4bb+4bb+5bb-2bbbbbb0bbbb0b-1b-1bb-1bbb-1b+1bbbb+3b-1b-1bbbb-1bb+5bbbb-5b0b0bb-2bb-2bb-1bb-3bb+1bb+5bbbbbb0bbbb+2b+1b+2bb-2bb-1bb-4bb+2bbb+2b-2bbbbbb0bbbb+2b+1b+2bb-2bb-1bb+1bb-8bb+3bb+4bbbbbb0bbbbpbb;2, mysweetlord.xml, pbbbbbbbb0b-3bb0b0bbpbb+3bbb0b-3b-2b+2b-2bbpbb+5bbb0b-3b0b0b-2bbpbb+2b+3b+2b+3b-3b+3bb0bbpbbbb-5b+2b+3b-3b+3bb0b0bpbbbb-5b+2b+3b-3b+3bb0b0b0b-8b+1b+2b0b+3b-1b-2b0b-3b-2b0b0bbpbb+5bb-3b0b0bb0b;0.7243339159930915;0.5583596214511041;0.7165991902834008;0.8388625592417062;0.7027906839883166;1
















hessofine;mysweetlord;1, hessofine.xml, pbbbbbb-3b-2b0bbbbbbbb0bbpbb+5b0b-3b-2b+2bbbbbbbb-2bbpb+5b0bb-3bb-2b+2b-4b+2b0bbbb0bbpb+5b0bb0b-3b0bb-4bb+4b-2bbbpb+5b0b+2b+3b-5b+5b-3bpbbbb+3bpb-5b+2bb+5b-2b0b-3b+3bbbbbbbbpb-5b+2bb+3b-3b+3bb+2bb-5b0b+3bbbbpb-5b+2b+3b0b-3b+3b0b0bbbbbbbbpb-5b-3b+3b0b0bb-3b-2bbbbbbbb0bbpbb+5bb-3bb-2b+2b-4b+2b0bbbbpbb0bbpbb+5bb-3bb-2b+2b-4b+2b0bbbb0bbpb0b-2b+7bb-3b-2b+2b-4b+2b0bbbb;2, mysweetlord.xml, pbbbbbbbb0b-3bb0b0bbpbb+3bbb0b-3b-2b+2b-2bbpbb+5bbb0b-3b0b0b-2bbpbb+2b+3b+2b+3b-3b+3bb0bbpbbbb-5b+2b+3b-3b+3bb0b0bpbbbb-5b+2b+3b-3b+3bb0b0b0b-8b+1b+2b0b+3b-1b-2b0b-3b-2b0b0bbpbb+5bb-3b0b0bb0b;0.7105763597744426;0.5153061224489796;0.6801346801346801;0.957345971563981;0.7193428139665959;1
hessofine;mysweetlord;1, hessofine.xml, pbbbbbb-3b-2b0bbbbbbbb0bbpbb+5b0b-3b-2b+2bbbbbbbb-2bbpb+5b0bb-3bb-2b+2b-4b+2b0bbbb0bbpb+5b0bb0b-3b0bb-4bb+4b-2bbbpb+5b0b+2b+3b-5b+5b-3bpbbbb+3bpb-5b+2bb+5b-2b0b-3b+3bbbbbbbbpb-5b+2bb+3b-3b+3bb+2bb-5b0b+3bbbbpb-5b+2b+3b0b-3b+3b0b0bbbbbbbbpb-5b-3b+3b0b0bb-3b-2bbbbbbbb0bbpbb+5bb-3bb-2b+2b-4b+2b0bbbbpbb0bbpbb+5bb-3bb-2b+2b-4b+2b0bbbb0bbpb0b-2b+7bb-3b-2b+2b-4b+2b0bbbb;2, mysweetlord.xml, pbbbbbbbb0b-3bb0b0bbpbb+3bbb0b-3b-2b+2b-2bbpbb+5bbb0b-3b0b0b-2bbpbb+2b+3b+2b+3b-3b+3bb0bbpbbbb-5b+2b+3b-3b+3bb0b0bpbbbb-5b+2b+3b-3b+3bb0b0b0b-8b+1b+2b0b+3b-1b-2b0b-3b-2b0b0bbpbb+5bb-3b0b0bb0b;0.7105763597744426;0.5153061224489796;0.6801346801346801;0.957345971563981;0.7193428139665959;1
hessofine;mysweetlord;1, hessofine.xml, pbbbbbb-3b-2b0bbbbbbbb0bbpbb+5b0b-3b-2b+2bbbbbbbb-2bbpb+5b0bb-3bb-2b+2b-4b+2b0bbbb0bbpb+5b0bb0b-3b0bb-4bb+4b-2bbbpb+5b0b+2b+3b-5b+5b-3bpbbbb+3bpb-5b+2bb+5b-2b0b-3b+3bbbbbbbbpb-5b+2bb+3b-3b+3bb+2bb-5b0b+3bbbbpb-5b+2b+3b0b-3b+3b0b0bbbbbbbbpb-5b-3b+3b0b0bb-3b-2bbbbbbbb0bbpbb+5bb-3bb-2b+2b-4b+2b0bbbbpbb0bbpbb+5bb-3bb-2b+2b-4b+2b0bbbb0bbpb0b-2b+7bb-3b-2b+2b-4b+2b0bbbb;2, mysweetlord.xml, pbbbbbbbb0b-3bb0b0bbpbb+3bbb0b-3b-2b+2b-2bbpbb+5bbb0b-3b0b0b-2bbpbb+2b+3b+2b+3b-3b+3bb0bbpbbbb-5b+2b+3b-3b+3bb0b0bpbbbb-5b+2b+3b-3b+3bb0b0b0b-8b+1b+2b0b+3b-1b-2b0b-3b-2b0b0bbpbb+5bb-3b0b0bb0b;0.7105763597744426;0.5153061224489796;0.6801346801346801;0.957345971563981;0.7193428139665959;1
