Song1;Song2;rapSong1;rapSong2;cosine;jaccard;sor dice;over coe;jaro;clustering
sanfranciscobrewingad;menusong;bb+3bb0bb+2bb+3b-3b+3b0bb-2b-3b-4b+4bbbbpb+3b+2b-2b+3b-1b-2b-2b+2bb+2bb-14bb+4bb0bb+3bb+5b+2b-2b-3b0b-2b-2b-3b-2bb+12bb0bb-2b-1bpbbbbbb-5bb+5bb0b;pbbbbbbbbbbbbbbbbbb0b0b0b0b0b0b0b0b0b0b0b0b0b0b0b0b0b0b0b0b0b0b0b0b0b0b0b0b0b0b+2b0b0b0b0b0b0b0b0b0b0b0b0b0b0b0b0b0b0b0b0b0b0b0b0b0b0b0b0b0b0b0b-2b0b0b0b0b0b0b0b0b0b0b0b0b0b0b0b0b0b0b0b0b0b0b0b0b0b0b0b0b0b0b0b0b0b0b0b0b0b0b0b0b0b0b0b0b0b0b0b;0.41725550989530175;0.2532467532467532;0.40414507772020725;0.5379310344827586;0.5777924528532626;0
evangelimann;menusong;pbbbbbb0b-1b+1b+9bb-4b0bbb-1bb-4b0b-1b+1b+10b-1b-1b0bbb+1bb-6b0b-2b+1b+10bb+2b-2bbb-2bb0b-1bb-2b-2bb+2b+2bbb;pbbbbbbbbbbbbbbbbbb0b0b0b0b0b0b0b0b0b0b0b0b0b0b0b0b0b0b0b0b0b0b0b0b0b0b0b0b0b0b+2b0b0b0b0b0b0b0b0b0b0b0b0b0b0b0b0b0b0b0b0b0b0b0b0b0b0b0b0b0b0b0b-2b0b0b0b0b0b0b0b0b0b0b0b0b0b0b0b0b0b0b0b0b0b0b0b0b0b0b0b0b0b0b0b0b0b0b0b0b0b0b0b0b0b0b0b0b0b0b0b;0.3966976017629876;0.22456140350877193;0.3667621776504298;0.5925925925925926;0.5777175861892321;0
menusong;light_myLife;pbbbbbbbbbbbbbbbbbb0b0b0b0b0b0b0b0b0b0b0b0b0b0b0b0b0b0b0b0b0b0b0b0b0b0b0b0b0b0b+2b0b0b0b0b0b0b0b0b0b0b0b0b0b0b0b0b0b0b0b0b0b0b0b0b0b0b0b0b0b0b0b-2b0b0b0b0b0b0b0b0b0b0b0b0b0b0b0b0b0b0b0b0b0b0b0b0b0b0b0b0b0b0b0b0b0b0b0b0b0b0b0b0b0b0b0b0b0b0b0b;pbpbb+3bb-3b+5bb-5b+3bb-3b+5bb-5b+3bb+2b+2bb+1bpb-7bbbbb0bpb+4bb-4bpb+6bb-6b+4bb-4b+6bb-6bpb+4bb+2b+1bb-1b0bpbpb0bpb+3bb-3b+5bb-5b+3bb-3b+5bb-5b+3bb+2b+1bb-1b+4bbbbb0b+2bb-2b-2bb-1b+3bb-2b-3bb-4bb-1bb-2b+6bb-6bpb+5bbbbbb-3bb+3bb+4bb-2bbbb-5bb+3bb+3bbbbbbbbpbb-3bb+3bb+4bb-2bbbb-5bb-4bbbbbbbbbbpbb-3bb+3bb+7bb-1bbbbbb-9bb+3bb+6bb-2bbbb0bb-2bbbb-5bb+5bbbb-4bb+1bb+4bbbbbbbbpbb-3bb+3bb+4bb-2bbbb-5bb+3bb+3bbbbbbbbpbb-3bb+3bb+3bb-1bb0bb-2bb-4bbbbbbbbbbpbb-3bb+2bb+1bb+11bbbb-2bb-2bb-8bb+3b0bpb+4bbbb+8bbbbpbb0bb+2bbbbpbb-3bbbb0bb-4bbbbbb0bbbbpbb;0.39603072755241014;0.2237871674491393;0.3657289002557545;0.5933609958506224;0.5915895735507881;0
menusong;dakota;pbbbbbbbbbbbbbbbbbb0b0b0b0b0b0b0b0b0b0b0b0b0b0b0b0b0b0b0b0b0b0b0b0b0b0b0b0b0b0b+2b0b0b0b0b0b0b0b0b0b0b0b0b0b0b0b0b0b0b0b0b0b0b0b0b0b0b0b0b0b0b0b-2b0b0b0b0b0b0b0b0b0b0b0b0b0b0b0b0b0b0b0b0b0b0b0b0b0b0b0b0b0b0b0b0b0b0b0b0b0b0b0b0b0b0b0b0b0b0b0b;b+5b0bbbbbbbb+7bbbb-13bbb+5b0bb0bb0bbbbbbbb-5bb+5bb-2bb+5bb0bb+3bb-2bbpbb-9bbbb+3bbbb+3bbbb+3bbbb-7bb+6bb-2bb+5bb-3bb+5bb-2bb+5bb-14bbbb+4bbbb+2bbbb+3bbbb+4bbbbbbbbbbbbbbbbpbbbbbbbbbbbbbbbb+5bbbbbb-2b+2b-4bbbbbbbbpbbbbbbbb-1bbbbbbbb-1bbbbbbbbpbbbb+7bbpbbbb-7bb+2bb+2bb+2bbbb-6bbpbbbb+9bbbbbbbb+2bbbb+2bb-2bb-5bbbb+3bbbbbbbb-15bb-4bb+2bb-7bbbbpbb+8bbbb-1bb-2bb0bb-4b+2b-2b-3bpbb-2bbb+5b0bbbbbbbbpbbbb+14bbbb+9bb-2bb+2bb-3bbbbpbb-2bbbbbbbbbbbb+1bbbb-1bbbbbbbb-2bbbbbbbb-5bbbbbbbbbbbbbbbb+5bbbbbbbbbbbbbbbb;0.40210134136481906;0.23178807947019867;0.3763440860215054;0.5809128630705395;0.5959381038408945;0
menusong;littlespanishtown;pbbbbbbbbbbbbbbbbbb0b0b0b0b0b0b0b0b0b0b0b0b0b0b0b0b0b0b0b0b0b0b0b0b0b0b0b0b0b0b+2b0b0b0b0b0b0b0b0b0b0b0b0b0b0b0b0b0b0b0b0b0b0b0b0b0b0b0b0b0b0b0b-2b0b0b0b0b0b0b0b0b0b0b0b0b0b0b0b0b0b0b0b0b0b0b0b0b0b0b0b0b0b0b0b0b0b0b0b0b0b0b0b0b0b0b0b0b0b0b0b;pbbbbbbbbbbbb+4bbb+3bbb+3bbb-2bbb-1bbb0bbbb-2b-2b-1b-2bbbbbbbbb+7b-9b+5b+4bp-2b-2b+2b-7b+4b+3bp-2b-1b+1b-5b+9b-4b+9b-2b+5bbbbbbpbbb-17bbb+2bbb+3bbb-1bbb+1bbb+2bbb+2b-2b-2bbbbbbbbb-8b+1b+2b+2b-5bbbbbbbbbbbb0b+1b+2b+2b-4bbbbbbbbbbbbpbbbbbb+4bbb+2bbb+3bbb-1bbb+1bbb+2bbb+1b-1b-2bbbbbbbbb-5b+2b+1b-3b+5bbbbbbbbbbbb-5b+2b+1b-3b+5bbbbbbbbb+1bbbbbbbbb+1b-9b+5b+4bp-2b-2b+4b-9b+5b+4bp-2b-2b+2bbbbbbbbbbbbpbbbbbb0b-7b+4b+3bp-2b-1b+3b-7b+4b+3bp-2b-1b+1bbbbbbbbbbbbpbbbbbb-5bbb+2bbb+3bbb-1bbb-2bbb-2bbb+10bbbbbbbbbbbb-1bbb-2bbb+3bbbbbbbbb+2bbbbbbbbb-3bbbbbbbbbbbbpbbbbbb0b-9b+5b+4bp-2b-2b+4b-9b+5b+4bp-2b-2b+2bbbbbbbbbbbbpbbbbbb+3b-9b+3b+6bp-1b-2b+3b-9b+3b+6bp-1b-2b+2bbbbbbbbbbbbpbbbbbb-7bbb+4bbb+3bbb+3bbb-2bbb-1bbb0bbbb-2b-2b-1b-2bbbbbbpbbb+7b-9b+5b+4bp-2b-2b+2b-7b+4b+3bp-2b-1b+1bbbbbbpbbbbbbbbbbbb+4b-9b+5b+4bp-2b-2b+4b-9b+5b+4bp-2b-2b+2bbbbbbbbbbbbpbbbbbb0b-7b+4b+3bp-2b-1b+3b-7b+4b+3bp-2b-1b+1bbbbbbbbbbbbpbbbbbb-5bbb+2bbb+3bbb-1bbb-2bbb-2bbb+10bbbbbbbbbbbb-1bbb-2bbb+3bbbbbbbbb+2bbbbbbbbb-3bbbbbbbbbbbbpbbbbbb0b-9b+5b+4bp-2b-2b+4b-9b+5b+4bp-2b-2b+2bbbbbbbbbbbbpbbbbbb+3b-9b+3b+6bp-1b-2b+3b-9b+3b+6bp-1b-2b+2bbbbbbbbbbbbpbbbbbb-7bbb+4bbb+3bbb+3bbb-2bbb-1bbb0bbbb-2b-2b-1b-2bbbbbbpbbb+7b-9b+5b+4bp-2b-2b+2b-7b+4b+3bp-2b-1b+1bbbbbbbbbbbbbbb;0.2622224895790528;0.10735735735735735;0.19389830508474576;0.5933609958506224;0.543359778930436;0
menusong;mizpahshalom;pbbbbbbbbbbbbbbbbbb0b0b0b0b0b0b0b0b0b0b0b0b0b0b0b0b0b0b0b0b0b0b0b0b0b0b0b0b0b0b+2b0b0b0b0b0b0b0b0b0b0b0b0b0b0b0b0b0b0b0b0b0b0b0b0b0b0b0b0b0b0b0b-2b0b0b0b0b0b0b0b0b0b0b0b0b0b0b0b0b0b0b0b0b0b0b0b0b0b0b0b0b0b0b0b0b0b0b0b0b0b0b0b0b0b0b0b0b0b0b0b;pbb+1bb+4bb+3bb+5bbbbbbbb+2bb+2bb-5bbbbbbbb-2bb+2bb+1bbbbbbbbbbbb-3bbbb-11bb+1bb+3bb+3bb+6bbbbbbbb+1bb+2bb-5bbbbbbbb+2bb-2bb-5bbbbbbbbbbbb0bbbb+1bbbbbbbb+4bbbbbbbbbbbb-2bbbbbb-3bb+3bb-2bb0bbbbbbbb0bbbb+4bbbb+2bbbb+1bbbb+2bbbbbb-3bb-2b-2bbpb+8bbbbbbbb-4bb-2bb-2bbbbbbbbbbbb0bbbb-8bb+1bb+4bb+3bb+5bbbbbbbb+2bb+2bb-5bbbbbbbb-2bb+2bb-2bbbbbbbbbbbb0bbbb;0.47651979155857843;0.30598669623059865;0.4685908319185059;0.5726141078838174;0.6370649391763316;0
menusong;heartbeat;pbbbbbbbbbbbbbbbbbb0b0b0b0b0b0b0b0b0b0b0b0b0b0b0b0b0b0b0b0b0b0b0b0b0b0b0b0b0b0b+2b0b0b0b0b0b0b0b0b0b0b0b0b0b0b0b0b0b0b0b0b0b0b0b0b0b0b0b0b0b0b0b-2b0b0b0b0b0b0b0b0b0b0b0b0b0b0b0b0b0b0b0b0b0b0b0b0b0b0b0b0b0b0b0b0b0b0b0b0b0b0b0b0b0b0b0b0b0b0b0b;bb-2bb-3bb-2bb-2bb-3bb-2b+2b+3b-3b;0.22094390007582831;0.0784313725490196;0.14545454545454545;0.5882352941176471;0.5070742819949556;0
tonighthesailedagain;begood;pbbbb-8bb+1bb+11bbb-2b0bbbbpbb-4bb-4bb+1bb+7bbb-2b0bbbbpbb-3bb+5bb-2bb0bbb0b-2bb+4bb-5bb-2bb-2bb+2bb+2bbbbbbbbpbb+3bb-8bb+1bb+11bbb-2b-4bbbb;b+1b-1b-4b+2bb-2b0bb-3bb0bb-2bbb;0.47809144373375745;0.22857142857142856;0.37209302325581395;1.0;0.6386904761904763;0
myownsweet;menusong;b+2b+2bpb+1bbb+2b+2b+5b-2b-3b-2bb-5bbpb0b+5b-2b-1bbb+1b+2b+7b-2b-5b+1bb+1bbpb-9b+2b+2b+1bbb+2b+2b+5b-2b-3b-2bb-5bbpb+12b+2b-2b-2bbb-1b-1b-3b-5b+2b+1bb0bpb-1b+1b+2b+2bbb+1b-1b-2b-2b-1b+3bb-2bbpb-1b+1b+1b+1bbb-5b+8b-1b-2b-2b-1bbbbpb-4b+2b+2b+1bbb+2b+2b+5b-2b-3b-2bb-5bbpb+12b+2b-2b-2bbb-1b-1b-3b-5b+2b+1bb0bpb;pbbbbbbbbbbbbbbbbbb0b0b0b0b0b0b0b0b0b0b0b0b0b0b0b0b0b0b0b0b0b0b0b0b0b0b0b0b0b0b+2b0b0b0b0b0b0b0b0b0b0b0b0b0b0b0b0b0b0b0b0b0b0b0b0b0b0b0b0b0b0b0b-2b0b0b0b0b0b0b0b0b0b0b0b0b0b0b0b0b0b0b0b0b0b0b0b0b0b0b0b0b0b0b0b0b0b0b0b0b0b0b0b0b0b0b0b0b0b0b0b;0.49631346692996314;0.3268765133171913;0.4927007299270073;0.5601659751037344;0.6468820431750856;0
mygodandi;begood;bbb+3bbb0b-7bb+4bbbb+3bbbbbb-3bb+3bbb0b-2bbb-1b0bbbbbb-4bb+4bbbb-2bbb-2b+4bbbb-2bbbbpbb0bb0bbb+2b-4bbbb-1bbbbbbbb0bbb+1bpbbbbbbbbbb+5bbbbbb0bb+4bbb0b-2bbb-2b-3bbbbbbbb+3bbbb-1bbb-2b+2bbbbbbbbpbb0bb+1bbb+2b-7bbbbbbbbbbbb+2bbb+2b+5bbbbbb0bb+3bbb0b-1bbb-2b-4bbbbbbbb+4bbbb-2bbb-2b+4bbbbbb0bb+3bbb0b-1bbb-2b-4bbbbbb0bb+4bbb0b-2bbb-2b+4bbbb-2bbbbbb+9bb-4bb-5bb-2bbbb-1bbbbbb+3bb0bb-3bb+7bbbbbb-2bb-2bbb0b-2bbb-3b+5bbbbbb-2bb-1bbb0b-2bbb-3b+1bbbbbbbb0bbbbbbbb;b+1b-1b-4b+2bb-2b0bb-3bb0bb-2bbb;0.26578219767403816;0.0706401766004415;0.13195876288659794;1.0;0.5652133922001471;0
mygodandi;gehtsparkasse;bbb+3bbb0b-7bb+4bbbb+3bbbbbb-3bb+3bbb0b-2bbb-1b0bbbbbb-4bb+4bbbb-2bbb-2b+4bbbb-2bbbbpbb0bb0bbb+2b-4bbbb-1bbbbbbbb0bbb+1bpbbbbbbbbbb+5bbbbbb0bb+4bbb0b-2bbb-2b-3bbbbbbbb+3bbbb-1bbb-2b+2bbbbbbbbpbb0bb+1bbb+2b-7bbbbbbbbbbbb+2bbb+2b+5bbbbbb0bb+3bbb0b-1bbb-2b-4bbbbbbbb+4bbbb-2bbb-2b+4bbbbbb0bb+3bbb0b-1bbb-2b-4bbbbbb0bb+4bbb0b-2bbb-2b+4bbbb-2bbbbbb+9bb-4bb-5bb-2bbbb-1bbbbbb+3bb0bb-3bb+7bbbbbb-2bb-2bbb0b-2bbb-3b+5bbbbbb-2bb-1bbb0b-2bbb-3b+1bbbbbbbb0bbbbbbbb;pbbbbb+1b-1b-4b+2bb-2b0bbb;0.23957283545481262;0.05739514348785872;0.10855949895615867;1.0;0.5960547914190298;0
mygodandi;heartbeat;bbb+3bbb0b-7bb+4bbbb+3bbbbbb-3bb+3bbb0b-2bbb-1b0bbbbbb-4bb+4bbbb-2bbb-2b+4bbbb-2bbbbpbb0bb0bbb+2b-4bbbb-1bbbbbbbb0bbb+1bpbbbbbbbbbb+5bbbbbb0bb+4bbb0b-2bbb-2b-3bbbbbbbb+3bbbb-1bbb-2b+2bbbbbbbbpbb0bb+1bbb+2b-7bbbbbbbbbbbb+2bbb+2b+5bbbbbb0bb+3bbb0b-1bbb-2b-4bbbbbbbb+4bbbb-2bbb-2b+4bbbbbb0bb+3bbb0b-1bbb-2b-4bbbbbb0bb+4bbb0b-2bbb-2b+4bbbb-2bbbbbb+9bb-4bb-5bb-2bbbb-1bbbbbb+3bb0bb-3bb+7bbbbbb-2bb-2bbb0b-2bbb-3b+5bbbbbb-2bb-1bbb0b-2bbb-3b+1bbbbbbbb0bbbbbbbb;bb-2bb-3bb-2bb-2bb-3bb-2b+2b+3b-3b;0.273962018604713;0.07505518763796909;0.13963039014373715;0.7;0.5642340821538329;0
shalom;begood;bbbb+12bbbb0bb0bbbb0bb+1bbbb-1bb-4bbbb+4bb+1bbbb-1bb-2bbpbb0bbbbpb0bbpbb-10bbpbbbb0bb+10bbbb0bb0bbbb0bb+2bbbb-2bb-3bbbb+3bb0bbbbpbb0bb-3bb+2bbpbbbb+1bb-1bbbbpbb-1bb0bpb-3bbpbb+12bbbb0bb0bbbbpbb0bb+2bbbbpbb-2bb-3bbbb+3bb+2bbbb-2bb-4bb+3bbpbbbb+1bbpbb-5bbbbbbpb0bb0b-12bb+12bbbb0bb0bbbb0bb+1bbbb-1bb-4bbbb-1b-1b-1bb+2bb+1bb+1bb+3bb-2bb+5bbbb-3bbpbbbbb-4bbbb-1bpb-1bpb-1bb+2bb+1bb+1bb+3bb-2bb+9bbbb-3bb-3bbbb-1bb+3bbbb-3bb-3bb+1bbb-3b-5bbbbbbbbbbbb;b+1b-1b-4b+2bb-2b0bb-3bb0bb-2bbb;0.26816060926159635;0.07191011235955057;0.13417190775681342;0.8;0.5864700374531835;0
evangelimann;prelude;pbbbbbb0b-1b+1b+9bb-4b0bbb-1bb-4b0b-1b+1b+10b-1b-1b0bbb+1bb-6b0b-2b+1b+10bb+2b-2bbb-2bb0b-1bb-2b-2bb+2b+2bbb;bbbb0bbbbpbbbbbbbb+5bbbbbbbb+2bbbb+2bbbb-2bbbb-2bbbb-8bbbbbbbbbbbbbbbbbbbbbbbb+15bbbbbbbbbbbb+2bbbb-4bbbb+4bbbb-9bbbbbbbbbbbbbbbbbbbbbbbb+7bbbbbbbb-2bbbb-3bbbb-3bbbbpbbbb-2bbbb+5bbbb-7bbbbbbbbbbbb+2bbbb-2bbbb+7bbbb-7bbbbbbbb+2bbbbbbbb-2bbbb+7bbbb+5bbbbbbbbbbbbpbbbb+2bbbb-5bbbb+5bbbb-5bbbb+1bbbb-1bb-2bb+7bbbb-5bbbb+5bbbb-5bbbb+1bbbb-1bb-2bb+7bbbb0bb0bb0bbbb0bbbb0bb-2bb-2bb+2bbpbbbbbbbbbbbbbbbb-5bbbbbbbb+7bbbb0bb0bb0bbbb0bbbb0bb-2bb-2bb+2bbpbbbbbbbbbbbbbbbb-5bbbbbbbb+7bbbbbbbbbbbbbbbbpbbbbbbbb-5bbbb-9bbbb+5bbbb-5bbbb+2bbbb-2bb-2bb+7bbbb-5bbbb+5bbbb-5bbbb+2bbbb-2bb-2bb+7bbbb+4bb0bb-4bbbb0bbbb0bb-1bb-2bb+2bbpbbbbbbbbbbbbbbbb-6bbbbbbbb+7bbbb0bb0bb0bbbb0bbbb0bb-1bb-2bb+2bb+1bbbbbbbbbbbbbbbbpbbbbbbbb+4bbbb-5bbbb+5bbbb-5bbbb+1bbbb-1bb-2bb+7bbbb-5bbbb+6bbbb-6bbbb+1bbbb-1bb-2bb+7bbbb0bb0bb0bbbb0bbbb0bb-2bb-2bb+2bbpbbbbbbbbbbbbbbbb-5bbbbbbbb+7bbbb0bb0bb0bbbb0bbbb0bb-2bb-2bb+2bbpbbbbbbbbbbbbbbbb-5bbbbbbbb+7bbbbbbbbpbbbbbbbb+3bbbb-5bbbb+5bbbb-5bbbb+2bbbb-2bb-2bb+7bbbb-5bbbb+5bbbb-5bbbb+2bbbb-2bb-2bb+7bbbb0bb0bb0bbbb0bbbb+2bbbb0bbbb-2bbbb0bb0bb0bbbb0bbbb+2bbbb0bbbb-2bbbbbbbbbbbbbbbbpbbbbbbbb+4b+1b+2b-7b+2b+2b+1bbbbbb+2bbpbb+2bbbbbbbb-1bbbb+1bbbb+2bbbb-7bbbb+2bbbb+2bbbb+3b+1b+2b-7b+2b+2b-1bbbbbb+4bb+2bb-2bbpbb-2bbbb-1bbbb-2bbbb-2bbbb-1bbbb+7bbbb-9bbbbbbbbpbbbbbbbb;0.2917299829957891;0.0851063829787234;0.1568627450980392;0.7;0.5598442140995332;0
girlinthedark;gehtsparkasse;b+8b-1bbb-2b+2b-2b+2bbbb-7b+8b-1bbb-2b+2b-2b+2bbbb-2b+8b-1bbb-2b+2b-2b+2bbbb+1bb-9bbbbpbb-4bb+8bb-1bbb-2b+2b-2b+2bbbb-7b+8b-1bbb-2b+2b-2b+2bbbb-2b+8b-1bbb-2b+2b-2b+2bbbb+1bb-9bbbbpbb-4b+8bb-4bb+3bbbbbb-2bb0bb+7bb-2bbb-2b+2b-5b+3bb-3bb-5bb+1bbb+4b+2b-2b+7bbbb-4bb+5bbb-1b+1b-3b+2bb+5bb+3bb-1bbb-5b+6bb-1bbbbbb;pbbbbb+1b-1b-4b+2bb-2b0bbb;0.29054360157398823;0.08441558441558442;0.15568862275449102;0.9;0.5475690975690976;0
hessofine;begood;pbbbbbb-3b-2b0bbbbbbbb0bbpbb+5b0b-3b-2b+2bbbbbbbb-2bbpb+5b0bb-3bb-2b+2b-4b+2b0bbbb0bbpb+5b0bb0b-3b0bb-4bb+4b-2bbbpb+5b0b+2b+3b-5b+5b-3bpbbbb+3bpb-5b+2bb+5b-2b0b-3b+3bbbbbbbbpb-5b+2bb+3b-3b+3bb+2bb-5b0b+3bbbbpb-5b+2b+3b0b-3b+3b0b0bbbbbbbbpb-5b-3b+3b0b0bb-3b-2bbbbbbbb0bbpbb+5bb-3bb-2b+2b-4b+2b0bbbbpbb0bbpbb+5bb-3bb-2b+2b-4b+2b0bbbb0bbpb0b-2b+7bb-3b-2b+2b-4b+2b0bbbb;b+1b-1b-4b+2bb-2b0bb-3bb0bb-2bbb;0.277587453824102;0.08174386920980926;0.15113350125944586;0.9375;0.5510083713850836;0
themeatimetolove;gehtsparkasse;pbbbb+3bb+4bb+1bbbbbb-5bbpbb-3bb0bbpbb+2bbbbbb+6bbpbb-12bb0bbpbb+11bbbbbb-5bbpbb-6bb0bbpbb+4bbbb0b+2b+1b+4b-16bbbbpbbbb+14bbbbbb-5bbpbb0bb0bbpbb-1bbbb0b+1b+2b+3bpbb-10bb0bbpbb+9bbbbbbbbpbb-5bb0bbpbb+4bb-3bb+4bb+3bbpbbbb-11bbpbb+12bbbbbb-5bbpbb-3bb0bbpbb+2bbbbbb+6bbpbb-12bb0bbpbb+11bbbbbb-5bbpbb-2bb0bbpbb0bbbb0b+2b+1b+4b-16bbbbpbbbb+14bbbbbb-5bbpbb0bb0bbpbb-1bbbb0b+1b+2b+3bpbb-10bb0bbpbb+8bbbbbbbb;pbbbbb+1b-1b-4b+2bb-2b0bbb;0.2552702631881952;0.06516290726817042;0.1223529411764706;1.0;0.5858235331919542;0
keeponsinging;gehtsparkasse;bb0bb0bb-2bb-2bb+2bbbbbb-4bb+4bb-2bb-2bb+4bbbbbb0bb-2bbbb0bbbb0bbbb0bb0bb+2bb-7bbbbbbbbbbbb+5bbbb0bb-2bb-1bb+3bbbb0bb+5bbbbbbbbbbbbbb-2bbbb-1bbbbpbb0bbbb-2bbbb-2bbbb+4bbbbbbbbbbbbbbbb0bb0bb0bb0bb0bbbbbb0bb0bb0bbbbbbbbbb0bb0bb-2bb0bbbb0b0b0bb+2bbbb-2bb-5bbbbbbbbpbbbb+5bb0bb0bbbb0bbbb0bb+5bb0bbbb0bb0bb0bbbb-2bb-1bbbb0bb0bb0bb-2bb-2bb+2bbbbbbbbbb-4bb0bb0bb0bb0bbbbbb+2bbbbbb+1bb0bbbbbb0bbbb-1bbbb-2bbbbbb+2bb0bbbb;pbbbbb+1b-1b-4b+2bb-2b0bbb;0.2512106608337012;0.06310679611650485;0.1187214611872146;1.0;0.572317649987553;0
keeponsinging;heartbeat;bb0bb0bb-2bb-2bb+2bbbbbb-4bb+4bb-2bb-2bb+4bbbbbb0bb-2bbbb0bbbb0bbbb0bb0bb+2bb-7bbbbbbbbbbbb+5bbbb0bb-2bb-1bb+3bbbb0bb+5bbbbbbbbbbbbbb-2bbbb-1bbbbpbb0bbbb-2bbbb-2bbbb+4bbbbbbbbbbbbbbbb0bb0bb0bb0bb0bbbbbb0bb0bb0bbbbbbbbbb0bb0bb-2bb0bbbb0b0b0bb+2bbbb-2bb-5bbbbbbbbpbbbb+5bb0bb0bbbb0bbbb0bb+5bb0bbbb0bb0bb0bbbb-2bb-1bbbb0bb0bb0bb-2bb-2bb+2bbbbbbbbbb-4bb0bb0bb0bb0bbbbbb+2bbbbbb+1bb0bbbbbb0bbbb-1bbbb-2bbbbbb+2bb0bbbb;bb-2bb-3bb-2bb-2bb-3bb-2b+2b+3b-3b;0.261922994512232;0.0746987951807229;0.13901345291479822;0.8117647058823529;0.5978196790773935;0
dirlada;gehtsparkasse;pbbbbbbbbbbbbbbbbbbbbbbbbbbbbbbbbbbbb0bb+2bb0bb+2bb-4bbbbpbbbbbbbbbbbbbbbb0bbbb0bb+2bb0bb+2bb-4bbbbpbbbbbbbbbbbbbbbb+2bbbb0bb+2b-2b-2bb-1bb+3bbbbpbbbbbbbbbbbbbbbb-2bbbb0bb+2bb0bb+2bb-4bbbbpbbbbbbbbbbbbbbbb-3bbbb0bb+2bb+1bb-1bb-2bbbbpbbbbbbbbbbbbbbbb0bbbb0bb+2bb+1bb-1bb-2bbbbpbbbbbbbbbbbbbbbb+3bbbb0bb0bb+2bb+2bb-4bbbbpbbbbbbbbbbbbbbbb0bbbb0bb0bb+2bb+2bb-4bbbb;pbbbbb+1b-1b-4b+2bb-2b0bbb;0.268741924943285;0.07222222222222222;0.13471502590673576;1.0;0.5836609686609687;0
dirlada;getoveryou;pbbbbbbbbbbbbbbbbbbbbbbbbbbbbbbbbbbbb0bb+2bb0bb+2bb-4bbbbpbbbbbbbbbbbbbbbb0bbbb0bb+2bb0bb+2bb-4bbbbpbbbbbbbbbbbbbbbb+2bbbb0bb+2b-2b-2bb-1bb+3bbbbpbbbbbbbbbbbbbbbb-2bbbb0bb+2bb0bb+2bb-4bbbbpbbbbbbbbbbbbbbbb-3bbbb0bb+2bb+1bb-1bb-2bbbbpbbbbbbbbbbbbbbbb0bbbb0bb+2bb+1bb-1bb-2bbbbpbbbbbbbbbbbbbbbb+3bbbb0bb0bb+2bb+2bb-4bbbbpbbbbbbbbbbbbbbbb0bbbb0bb0bb+2bb+2bb-4bbbb;bb-2bb-3bb-2bb-2bb-3bb-2b+2b+3b-3b;0.29827937950065225;0.09141274238227147;0.16751269035532995;0.8705882352941176;0.5725217864923747;0
feelings;gehtsparkasse;bb-7bb0bbbbbbbbbbbb+5bbbbbbbb-5bb+2bb+1bb-3bb+7bb-7bb0bbbbbbbbbbbbpbbbbbbbb0b+2b+1b-3b+7bbbbbb0b-2b-2bbbbbbbbpbbbbbbbb-1bb+1bb+4bbbbbbbbbbbbbbbbpbbbbbbbbbbbbbbbb+5bbbbbb-9bb0bbbbbbbb0bbbbpbb+9bb-2bb-2bb-1bb+1bb+2bbbbbbbb0bbpbb-2bb-1bb-2bb+3bbbbbb0b-1b+1bbbbbbbbpbbbb0bb-1bb-2bb-2bb+2bb+2bbbbbbbbbbbbbbbbpbbbbbbbbbbbbbbbb;pbbbbb+1b-1b-4b+2bb-2b0bbb;0.2850438562747845;0.08125;0.15028901734104047;1.0;0.5655448717948718;0
lifeisarock;superstring;bb0bb-2bb+1bb-1bb-3bbbb-2bbbb-2bb+1bb-4bbbb0bbbb-2bb0bbbb-3bbpbb-2bb+1bb+1bb0bbbbbbbb+5b0b0b0b0b0b0b0b0b0b0b0b0b0b0b0b0b0b0b0b0b0b0b0b0b0b0b0b0b0b0b0b0b0b0b0b0b0b0b0b0b0b0b0b0b0b0b0b0b0b0b0b0b0b0b0b0b0b0b0b0b0b0b0b0b0b0b0b0b0b0b0b0b0b0b0b0b0b0b0b0b0b0b0b0b0b0b0b0b0b0b0b0b0b0b0b0b0b0b0b0b0b0b0b0b0b0b0b0b0b0b0b0b0b0b0b0b0b0b0b0b0b0b0b0b0b0b0b0b0b0b0b0b0b0b0b0b0b0b0b0b0b0b0b+7bbbbbbbb-3bb-2bbbb-2bb0bbpbb0bb0bb+2bb-2bb+2bbbb+5bbbb0bbbbbbbbbbbbpbbbb-7bb0bb+2bb-2bb+2bbbb+2bbbbbbbb-4bbbbbbbbpbbbb0bb0bb+2bb-2bbbb+4bb;p+2b+1b-3bp-2bbp+2bp+2b+1b-3bp-2bb;0.24962778425214213;0.06407766990291262;0.12043795620437957;0.9705882352941176;0.5024617888660003;0
es;heartbeat;bpb+3b0b-2b0b-1b0b-2b+2b+1b-6bb+3bbbbpb+3b0b-1b0b-2b0b-2b+2b+2b-5bb+3bbbbpb+3b0b-1b0b-2b0b+2b+1b-3b+3bb-1bbbbbb0bbbbpbbbb+5bbbb0b0b0b+8b0b-1b0b-2b0b-2b0b-1b-7bb+3bbb0b0b+9b0b-2b0b-2b0b-1b-2b-2b-3bb+3bbb+2b0b+5b0b-2b0b-1b0b-2b-2b-2b+4bbbb-2bbbb0bbbbbbpbb+2bbbbbbpb0b+8b-1b0b-2b0b-2b0b-1b-7bb+3bbbbpb0b+9b-2b0b-2b0b-1b-2b-2b-3bb+1bbbbbbpbb-3bb+2bb+1bb-3bb-2bbbbbb0bbbbbbbbpbbbbbbbb;bb-2bb-3bb-2bb-2bb-3bb-2b+2b+3b-3b;0.29951588026844506;0.08970976253298153;0.16464891041162227;1.0;0.5887267835894252;0
phantomoftheopera;begood;pbbbb+5bb-5bb+3bbb-2b0bbbb0bb-3bb+7bbb-7b+2bbbbbbbbpbb0bb+5bb-5bb+5bbb-4b0bbbb0bb-3bb+5bbb-5b+2bbbbbbbbpbb0bb+5bb+3bb+4bbb-2b0bbbb0bb0bb+5bbb-5b+2bbbbbbbb-9bb-2bb0bbb-1b+17bbbbbbbb0b-2b-2b-1b-2b-2b-1b-2b-1bbbbbbbb-1bb-2bb0bbb-1b0bbbbbbbb0bbbbpbbbb+5bb+5bb-5bb+3bbb-2b0bbbb0bb-3bb+5bbb-5b+2bbbbbbbb0bb0bb+5bb-5bb+3bbb-2b0bbbb0bb-3bb+5bbb-5b+2bbbbbbbbpbb0bb+5bb-5bb+12bbb-2b0bbbb0bb0bb+5bbb-5b+2bbbbbbbb0bbbbpbb0bb+5bbbbbbbb0b-2b-2b-1b-2b-2b-1b0b-3bbbbbbbb-1bb-2bb0bbb-1b0bbbbbbbb0bbbbpbbbb;b+1b-1b-4b+2bb-2b0bb-3bb0bb-2bbb;0.25607375986579195;0.06557377049180328;0.12307692307692308;1.0;0.5843579234972678;0
greengrassgrows;prelude;p+2bbbbbb+1bbbb-3bbbbb-2b0bbbbbbpbbbb+2bbbbbp+2bbbbbb+1bbbb-3bbbbbb-2bbbbbb;bbbb0bbbbpbbbbbbbb+5bbbbbbbb+2bbbb+2bbbb-2bbbb-2bbbb-8bbbbbbbbbbbbbbbbbbbbbbbb+15bbbbbbbbbbbb+2bbbb-4bbbb+4bbbb-9bbbbbbbbbbbbbbbbbbbbbbbb+7bbbbbbbb-2bbbb-3bbbb-3bbbbpbbbb-2bbbb+5bbbb-7bbbbbbbbbbbb+2bbbb-2bbbb+7bbbb-7bbbbbbbb+2bbbbbbbb-2bbbb+7bbbb+5bbbbbbbbbbbbpbbbb+2bbbb-5bbbb+5bbbb-5bbbb+1bbbb-1bb-2bb+7bbbb-5bbbb+5bbbb-5bbbb+1bbbb-1bb-2bb+7bbbb0bb0bb0bbbb0bbbb0bb-2bb-2bb+2bbpbbbbbbbbbbbbbbbb-5bbbbbbbb+7bbbb0bb0bb0bbbb0bbbb0bb-2bb-2bb+2bbpbbbbbbbbbbbbbbbb-5bbbbbbbb+7bbbbbbbbbbbbbbbbpbbbbbbbb-5bbbb-9bbbb+5bbbb-5bbbb+2bbbb-2bb-2bb+7bbbb-5bbbb+5bbbb-5bbbb+2bbbb-2bb-2bb+7bbbb+4bb0bb-4bbbb0bbbb0bb-1bb-2bb+2bbpbbbbbbbbbbbbbbbb-6bbbbbbbb+7bbbb0bb0bb0bbbb0bbbb0bb-1bb-2bb+2bb+1bbbbbbbbbbbbbbbbpbbbbbbbb+4bbbb-5bbbb+5bbbb-5bbbb+1bbbb-1bb-2bb+7bbbb-5bbbb+6bbbb-6bbbb+1bbbb-1bb-2bb+7bbbb0bb0bb0bbbb0bbbb0bb-2bb-2bb+2bbpbbbbbbbbbbbbbbbb-5bbbbbbbb+7bbbb0bb0bb0bbbb0bbbb0bb-2bb-2bb+2bbpbbbbbbbbbbbbbbbb-5bbbbbbbb+7bbbbbbbbpbbbbbbbb+3bbbb-5bbbb+5bbbb-5bbbb+2bbbb-2bb-2bb+7bbbb-5bbbb+5bbbb-5bbbb+2bbbb-2bb-2bb+7bbbb0bb0bb0bbbb0bbbb+2bbbb0bbbb-2bbbb0bb0bb0bbbb0bbbb+2bbbb0bbbb-2bbbbbbbbbbbbbbbbpbbbbbbbb+4b+1b+2b-7b+2b+2b+1bbbbbb+2bbpbb+2bbbbbbbb-1bbbb+1bbbb+2bbbb-7bbbb+2bbbb+2bbbb+3b+1b+2b-7b+2b+2b-1bbbbbb+4bb+2bb-2bbpbb-2bbbb-1bbbb-2bbbb-2bbbb-1bbbb+7bbbb-9bbbbbbbbpbbbbbbbb;0.2431083191631576;0.0591016548463357;0.11160714285714286;1.0;0.6063672182821119;0
superstring;bali;p+2b+1b-3bp-2bbp+2bp+2b+1b-3bp-2bb;bbbbpbbbb+3bbbbbb0bb-1bbbb+1bb+2bbbb-2bb-1bbbb+1bbpbb-3bbbb+12bbbb-4bbbbbb0bbbbbbpbbbbbbbbbbbbbbbb-5bb0b-1bbbbbb+1bb+2bbbb-2bb-1bbbbbb+1bbpb+4bbbbbbbbbbbbbbbb0bbbbbbbbbbbb-9bbbb+5bb0b-1bbbbbb+1bb+2bbbb-2bb-1bbbbbb+1bbpb+10bbbb-3bbbbbbbbbbbb0bbbbbbbbbbbb-7bbbb+2bbbb-1bb+1bbbbbb+2bbbbbb-1bb+1bbbbbbpbb+1bbpbb+4bbpbb-4bbbbbbbbbbbbbbbbpbbbbbbbb-8bbbb+1bbbbbb+2bb-2bbbbbb+2bb+2bbbb-2bb-2bbbbbb+2bbpbb-3bbbb+12bbbb-4bbbbbbbbbbbb0bbbbbbbbbbbbpbbbb-5bbbbbb0bb-1bbbbbb+1bb+2bbbbbb-2bb-1bbbbbb+1bb+4bbbbbbbbbbbbbbbb0bbbbbbbbbbbb-9bbbb+5bbbbbb0bb-2bbbbbb+2bb+2bbbbbb-2bb-2bbbbbb+2bbpbbbbbbbb0bbbbbb+1bb+9bbbb-3bbbbbbbbbbbb0bbbbbbbbpbbbbbbbb-5bbbb-1bb+1bbbbbb+3bb-1bbbb-1bb+1bbbbbb+5bpb-4bbbbbbbbbbbbbbbb0bbbbbb0bb+2bbbbbb+1bb+1bbbbbbbbbbbb-2bbbb-2bbbbbbbbbbbb-1bbbb;0.21221006710988397;0.045033112582781455;0.08618504435994931;1.0;0.5542267238021036;0
superstring;light_myLife;p+2b+1b-3bp-2bbp+2bp+2b+1b-3bp-2bb;pbpbb+3bb-3b+5bb-5b+3bb-3b+5bb-5b+3bb+2b+2bb+1bpb-7bbbbb0bpb+4bb-4bpb+6bb-6b+4bb-4b+6bb-6bpb+4bb+2b+1bb-1b0bpbpb0bpb+3bb-3b+5bb-5b+3bb-3b+5bb-5b+3bb+2b+1bb-1b+4bbbbb0b+2bb-2b-2bb-1b+3bb-2b-3bb-4bb-1bb-2b+6bb-6bpb+5bbbbbb-3bb+3bb+4bb-2bbbb-5bb+3bb+3bbbbbbbbpbb-3bb+3bb+4bb-2bbbb-5bb-4bbbbbbbbbbpbb-3bb+3bb+7bb-1bbbbbb-9bb+3bb+6bb-2bbbb0bb-2bbbb-5bb+5bbbb-4bb+1bb+4bbbbbbbbpbb-3bb+3bb+4bb-2bbbb-5bb+3bb+3bbbbbbbbpbb-3bb+3bb+3bb-1bb0bb-2bb-4bbbbbbbbbbpbb-3bb+2bb+1bb+11bbbb-2bb-2bb-8bb+3b0bpb+4bbbb+8bbbbpbb0bb+2bbbbpbb-3bbbb0bb-4bbbbbb0bbbbpbb;0.2506922025246385;0.06284658040665435;0.11826086956521739;1.0;0.5601645464100612;0
superstring;shalom;p+2b+1b-3bp-2bbp+2bp+2b+1b-3bp-2bb;bbbb+12bbbb0bb0bbbb0bb+1bbbb-1bb-4bbbb+4bb+1bbbb-1bb-2bbpbb0bbbbpb0bbpbb-10bbpbbbb0bb+10bbbb0bb0bbbb0bb+2bbbb-2bb-3bbbb+3bb0bbbbpbb0bb-3bb+2bbpbbbb+1bb-1bbbbpbb-1bb0bpb-3bbpbb+12bbbb0bb0bbbbpbb0bb+2bbbbpbb-2bb-3bbbb+3bb+2bbbb-2bb-4bb+3bbpbbbb+1bbpbb-5bbbbbbpb0bb0b-12bb+12bbbb0bb0bbbb0bb+1bbbb-1bb-4bbbb-1b-1b-1bb+2bb+1bb+1bb+3bb-2bb+5bbbb-3bbpbbbbb-4bbbb-1bpb-1bpb-1bb+2bb+1bb+1bb+3bb-2bb+9bbbb-3bb-3bbbb-1bb+3bbbb-3bb-3bb+1bbb-3b-5bbbbbbbbbbbb;0.2764136291538868;0.07640449438202247;0.1419624217118998;1.0;0.55487992949989;0
gehtsparkasse;menusong;pbbbbb+1b-1b-4b+2bb-2b0bbb;pbbbbbbbbbbbbbbbbbb0b0b0b0b0b0b0b0b0b0b0b0b0b0b0b0b0b0b0b0b0b0b0b0b0b0b0b0b0b0b+2b0b0b0b0b0b0b0b0b0b0b0b0b0b0b0b0b0b0b0b0b0b0b0b0b0b0b0b0b0b0b0b-2b0b0b0b0b0b0b0b0b0b0b0b0b0b0b0b0b0b0b0b0b0b0b0b0b0b0b0b0b0b0b0b0b0b0b0b0b0b0b0b0b0b0b0b0b0b0b0b;0.25265901598676416;0.08097165991902834;0.149812734082397;0.7692307692307693;0.5334432741071745;0
gehtsparkasse;thehappywhistler;pbbbbb+1b-1b-4b+2bb-2b0bbb;bbbb0bbbb+5bb0bbpbb0bbbb+4bbbb+3bb+2bb-2bb-7bbpbb+4b-2bb-2bb-3b-2bbbb+9bbbb0bbbb-4bb+2bbpbbbbbbbb-7bb0bbbb+5bbbb0bbbb+4bbbb+3bb+2bb-2bb-2bb-1bb-2bb-2bb-3bb-2bbbb+9bbbb0bbbb-2bb-2bbpbbbbbbbb+7bb+2bb0bb+3bbbb0bbbb-3bbbb-2bb+2bb-2bb-3bb0bb-2bb-2bb0bb+4bbbb+3bbbb0bbbb-3bb+3bbpbbbbbbbb0bbbb+2bb0bb+3bb0bb0bbbb-3bbbb-2bb+2bb-2bb-3bb0bb-2bb-2bb-3bb-2bbbb+9bbbb0bbbb-2bb-2bb;0.255929473097898;0.06793478260869565;0.1272264631043257;0.9615384615384616;0.5698861175155453;0
gehtsparkasse;old_eli;pbbbbb+1b-1b-4b+2bb-2b0bbb;bbbb+5bbbb0bbbb-5bbbb+1bbbb+1bbbb0bbbbbbbb0bbbb+8bbbb0bbbb-8bbbb+7bbbb-2bbbb0bbbbbbbb-7bbbb+12bbbb0bbbb-3bb-4bb-1bbbb0bbbb0bbbb-1bb+1bb+3bbbb-8bbbb+5bbbb-2bbbb-2bbbbbbbb0bbbbbbbb0bbbb+5bbbb0bbbb-5bbbb+1bbbb+1bbbb0bbbbbbbb0bbbb+8bbbb0bbbb-8bbbb+7bbbb-2bbbb0bbbbbbbb-7bbbb+12bbbb0bbbb-3bb-4bb-4bbbb+1bbbb0bbbb+3bbb+2b+2bbbb0bbbb0bbbbbb-2bb-2bbbbbbbb0bbpbb;0.27139342463450394;0.07365439093484419;0.13720316622691292;1.0;0.5707866637611679;0
gehtsparkasse;calledlove;pbbbbb+1b-1b-4b+2bb-2b0bbb;bbpbb-6bb-3bb0bbbb0bbbb+3bbbb-2bbbbbbbbpbbbb0bb0b-1bb0b0bbbb0bbbb-4bbbb+1bbbbbbbbpbbbb+6bb0bb-3bb0bbbb0bb+3bb0bbb-1b-1bbbbbbbbpbbbb0bb0b-1bb0b0bbbb0bb-4bb0b0bbb-3bbbbbbbbpbbbb+15bb0bb-3bb0bbbb0bb+3bb0bb+2bb-3bbbbbbbbpbbbb0bb-2bb-4bb0bbbb+1bb+3bb0bb-2bb-3bbbbbbbbpbb+3bb0bb0bb0bb-3bb0bbbb0bb+3bb0b+2bb-2b-2bbbbbbbbpbbbb0bb0bb-1bb0bbbb0bbbb+8bbbb;0.2749207073845788;0.0755813953488372;0.14054054054054055;1.0;0.5580709600477043;0
begood;dirlada;b+1b-1b-4b+2bb-2b0bb-3bb0bb-2bbb;pbbbbbbbbbbbbbbbbbbbbbbbbbbbbbbbbbbbb0bb+2bb0bb+2bb-4bbbbpbbbbbbbbbbbbbbbb0bbbb0bb+2bb0bb+2bb-4bbbbpbbbbbbbbbbbbbbbb+2bbbb0bb+2b-2b-2bb-1bb+3bbbbpbbbbbbbbbbbbbbbb-2bbbb0bb+2bb0bb+2bb-4bbbbpbbbbbbbbbbbbbbbb-3bbbb0bb+2bb+1bb-1bb-2bbbbpbbbbbbbbbbbbbbbb0bbbb0bb+2bb+1bb-1bb-2bbbbpbbbbbbbbbbbbbbbb+3bbbb0bb0bb+2bb+2bb-4bbbbpbbbbbbbbbbbbbbbb0bbbb0bb0bb+2bb+2bb-4bbbb;0.29814239699997197;0.08888888888888889;0.16326530612244897;1.0;0.5666741338112306;0
begood;does_anybody;b+1b-1b-4b+2bb-2b0bb-3bb0bb-2bbb;bbbbpbbbb-3bb+1b+1b+1b+2bb-2b-1bb+1bpb+9bbbb-4bbbb0bbbb-5b+1bb+1b+2bbbb-2bbbb-1bbbb+1bbbb+5bbbbbbbb0bbbbpbbb+2b-4bbbbbb+2bb-3bbbbbb+1bb-3bb+2b-4bb+2b-4bbbbbbbbpbb-1bb+1bb+1bb+1bb+1b+3bb-2b-2bb+2bpb-5bbbbbbbb0bbbb+3bbbb-3bb+1b+1bb+1b+2bb-2bpb-1bb+1bpb+9bbbb-4bbbb0bbb-5b+1bb+1bpb+2bbb-2b-1bb+1b+5bbbbpb-6bbbb+1bbbbbbbb0bbbbpbbbb+3bbb+2b-3bbb+1b-3bb+2b-4bbb+2bpb-4bbbb+6bbbb0bbbbbbbb0bb+1b-3bbb+2b-4bbb+2b-4b+2bpb-3bbbb+5bbbb0bbbbbb-2bb-3bb+1b+1bb+1b+2bb-2b-1bbb+1bpb+9bbbb-4bbbbbbbb-1bb+1bb+4bbbb-2bbbb+3bbbb-1bbbb-4bbbbbbbb0bbbb-5bbbb+5bbbbbbbb0bbbbpbbbb;0.24033670725044387;0.05776173285198556;0.10921501706484642;1.0;0.5400872442839951;0
begood;lifeisarock;b+1b-1b-4b+2bb-2b0bb-3bb0bb-2bbb;bb0bb-2bb+1bb-1bb-3bbbb-2bbbb-2bb+1bb-4bbbb0bbbb-2bb0bbbb-3bbpbb-2bb+1bb+1bb0bbbbbbbb+5b0b0b0b0b0b0b0b0b0b0b0b0b0b0b0b0b0b0b0b0b0b0b0b0b0b0b0b0b0b0b0b0b0b0b0b0b0b0b0b0b0b0b0b0b0b0b0b0b0b0b0b0b0b0b0b0b0b0b0b0b0b0b0b0b0b0b0b0b0b0b0b0b0b0b0b0b0b0b0b0b0b0b0b0b0b0b0b0b0b0b0b0b0b0b0b0b0b0b0b0b0b0b0b0b0b0b0b0b0b0b0b0b0b0b0b0b0b0b0b0b0b0b0b0b0b0b0b0b0b0b0b0b0b0b0b0b0b0b0b0b0b0b0b+7bbbbbbbb-3bb-2bbbb-2bb0bbpbb0bb0bb+2bb-2bb+2bbbb+5bbbb0bbbbbbbbbbbbpbbbb-7bb0bb+2bb-2bb+2bbbb+2bbbbbbbb-4bbbbbbbbpbbbb0bb0bb+2bb-2bbbb+4bb;0.24951314462072213;0.0622568093385214;0.11721611721611722;1.0;0.5728356031128404;0
heartbeat;dirlada;bb-2bb-3bb-2bb-2bb-3bb-2b+2b+3b-3b;pbbbbbbbbbbbbbbbbbbbbbbbbbbbbbbbbbbbb0bb+2bb0bb+2bb-4bbbbpbbbbbbbbbbbbbbbb0bbbb0bb+2bb0bb+2bb-4bbbbpbbbbbbbbbbbbbbbb+2bbbb0bb+2b-2b-2bb-1bb+3bbbbpbbbbbbbbbbbbbbbb-2bbbb0bb+2bb0bb+2bb-4bbbbpbbbbbbbbbbbbbbbb-3bbbb0bb+2bb+1bb-1bb-2bbbbpbbbbbbbbbbbbbbbb0bbbb0bb+2bb+1bb-1bb-2bbbbpbbbbbbbbbbbbbbbb+3bbbb0bb0bb+2bb+2bb-4bbbbpbbbbbbbbbbbbbbbb0bbbb0bb0bb+2bb+2bb-4bbbb;0.29827937950065225;0.09141274238227147;0.16751269035532995;0.9705882352941176;0.5725217864923747;0
heartbeat;themeatimetolove;bb-2bb-3bb-2bb-2bb-3bb-2b+2b+3b-3b;pbbbb+3bb+4bb+1bbbbbb-5bbpbb-3bb0bbpbb+2bbbbbb+6bbpbb-12bb0bbpbb+11bbbbbb-5bbpbb-6bb0bbpbb+4bbbb0b+2b+1b+4b-16bbbbpbbbb+14bbbbbb-5bbpbb0bb0bbpbb-1bbbb0b+1b+2b+3bpbb-10bb0bbpbb+9bbbbbbbbpbb-5bb0bbpbb+4bb-3bb+4bb+3bbpbbbb-11bbpbb+12bbbbbb-5bbpbb-3bb0bbpbb+2bbbbbb+6bbpbb-12bb0bbpbb+11bbbbbb-5bbpbb-2bb0bbpbb0bbbb0b+2b+1b+4b-16bbbbpbbbb+14bbbbbb-5bbpbb0bb0bbpbb-1bbbb0b+1b+2b+3bpbb-10bb0bbpbb+8bbbbbbbb;0.29191271397706137;0.08521303258145363;0.15704387990762125;1.0;0.5531185360906723;0
heartbeat;does_anybody;bb-2bb-3bb-2bb-2bb-3bb-2b+2b+3b-3b;bbbbpbbbb-3bb+1b+1b+1b+2bb-2b-1bb+1bpb+9bbbb-4bbbb0bbbb-5b+1bb+1b+2bbbb-2bbbb-1bbbb+1bbbb+5bbbbbbbb0bbbbpbbb+2b-4bbbbbb+2bb-3bbbbbb+1bb-3bb+2b-4bb+2b-4bbbbbbbbpbb-1bb+1bb+1bb+1bb+1b+3bb-2b-2bb+2bpb-5bbbbbbbb0bbbb+3bbbb-3bb+1b+1bb+1b+2bb-2bpb-1bb+1bpb+9bbbb-4bbbb0bbb-5b+1bb+1bpb+2bbb-2b-1bb+1b+5bbbbpb-6bbbb+1bbbbbbbb0bbbbpbbbb+3bbb+2b-3bbb+1b-3bb+2b-4bbb+2bpb-4bbbb+6bbbb0bbbbbbbb0bb+1b-3bbb+2b-4bbb+2b-4b+2bpb-3bbbb+5bbbb0bbbbbb-2bb-3bb+1b+1bb+1b+2bb-2b-1bbb+1bpb+9bbbb-4bbbbbbbb-1bb+1bb+4bbbb-2bbbb+3bbbb-1bbbb-4bbbbbbbb0bbbb-5bbbb+5bbbbbbbb0bbbbpbbbb;0.24773340742668246;0.061371841155234655;0.11564625850340136;1.0;0.559672966659588;0
heartbeat;lifeisarock;bb-2bb-3bb-2bb-2bb-3bb-2b+2b+3b-3b;bb0bb-2bb+1bb-1bb-3bbbb-2bbbb-2bb+1bb-4bbbb0bbbb-2bb0bbbb-3bbpbb-2bb+1bb+1bb0bbbbbbbb+5b0b0b0b0b0b0b0b0b0b0b0b0b0b0b0b0b0b0b0b0b0b0b0b0b0b0b0b0b0b0b0b0b0b0b0b0b0b0b0b0b0b0b0b0b0b0b0b0b0b0b0b0b0b0b0b0b0b0b0b0b0b0b0b0b0b0b0b0b0b0b0b0b0b0b0b0b0b0b0b0b0b0b0b0b0b0b0b0b0b0b0b0b0b0b0b0b0b0b0b0b0b0b0b0b0b0b0b0b0b0b0b0b0b0b0b0b0b0b0b0b0b0b0b0b0b0b0b0b0b0b0b0b0b0b0b0b0b0b0b0b0b0b0b+7bbbbbbbb-3bb-2bbbb-2bb0bbpbb0bb0bb+2bb-2bb+2bbbb+5bbbb0bbbbbbbbbbbbpbbbb-7bb0bb+2bb-2bb+2bbbb+2bbbbbbbb-4bbbbbbbbpbbbb0bb0bb+2bb-2bbbb+4bb;0.24962778425214213;0.06407766990291262;0.12043795620437957;0.9705882352941176;0.5428110933089189;0
heartbeat;light_myLife;bb-2bb-3bb-2bb-2bb-3bb-2b+2b+3b-3b;pbpbbbbbbbb+3bb-3b+5bb-5b+3bb-3b+5bb-5b+3bb+2b+2bb+1b-7bbbbbpb0bpb+4bb-4bpb+6bb-6b+4bb-4b+6bb-6bpb+4bb+2b+1bb-1b0bpb-7bbbpbb0bpb+3bb-3b+5bb-5b+3bb-3b+5bb-5b+3bb+2b+1bb-1b+5bbbbb0b+2bb-2b-2bb-1b+3bb-2b-3bb-4bb-1bb-2b+6bb-6bpbb+5bbbbbb-3bb+3bb+4bb-2bbbb-5bb+3bb0bbbbbbbbpbb-3bb+3bb+4bb-2bbbb-5bb+1bbbbbbbbbbpbb-3bb+3bb+7bb-1bbbbbb-9bb+3bb+6bb-2bbbb0bb-2bbbb-5bb+5bbbb-4bb+1bb+3bbbbbbpbbbb-3bb+3bb+4bb-2bbbb-5bb+3bb0bbbbbbbbpbb-3bb+3bb+3bb-1bb0bb-2bb-2bbbbbbbbpbbbb-3bb+2bb+1bb+11bbbb-2bb-2bb-8bb+3b0bpb+4bbbb-2bb+8bbbbpbb0bb+2bb-3bb-4bbbbbb0bbbb;0.250230096689296;0.06261510128913444;0.11785095320623917;1.0;0.5698913082728487;0
iloveyouyesido;downunder;pbbbb0bb0bb0bbb-3b0bbbb0bb+2bb0bb0bb0bbb-4b-4bbbbbb-3bb+5bb-2bb0bbb-2b0bbbbpbbbb-5bb+2bb;pbbbbbbbbbbbbbbbbbbbbbbbbbbbbbbbbbbbb-2bb-2bb-1b-1b-1b-1b-1bbbb+4bbbb+3bbbbpbbbbbbbb+2bbbb-2bb-2bb-1b-1b-1b-1b-1bbbbpbbbbbbbbbbbbbbbb+9bb0bb0bb0bb+1bbbb0bb0bb-1bbbb-4bbbb+4bbbb-4bbbbpbbbbbbbbbbbbbbbbbbbbbbbbbbbbbbbb+4bbbb-2bb-2bb-1b-1b-1b-1b-1bbbbpbbbbbbbbbbbbbbbb+12bb0bb0bb0bb+2bbbb0bb0bb-2bbbb-3bbbb+3bbbb-3bbbb0bbbb-2bb-2bb-1b-1b-1b-1b-1bbbbpbbbbbbbbbbbbbbbb+9bb0bb0bb0bb+1bbbb0bb0bb-1bbbb-4bbbb+4bbbb-4bbbbpbbbbbbbbbbbbbbbbbbbbbbbbbbbbbbbb-3b+1b+1b0bpbbbb+13bb-1bb0bbbbbbbbbbbbpbbbbbbbbbbbbbbbbbbbbbbbbbbbbbbbb-14bb0bb0bb0bb+3bbbb+4bbbb-2bbbbbb-2bb-1bbbb-2bbbbpbbbbbbbbbbbbbbbbbbbbbbbbbbbbbbbb+12b-2b-2b-1b-2b-2b+2b+2b+3b+2b-2b-2b+6bb-2bb0bbbbbbbbbbbbbbbbpbbbbbbbbbbbbbbbbbbbbbbbbbbbbbbbb-12bb0bb0bb0bb+3bbbb+4bbbb-2bbbbbb-2bb-1bbbb-2bbbbpbbbbbbbbbbbbbbbbbbbbbbbbbbbbbbbb+12b-2b-2b-1bpbbbb-2b-2b+2b+2bpbbbb+3b+2b-2b-2b+6b-2b0bbbbbbbbpbbbbbbbbbbbbbbbbbbbbbbbbbbbbbbbb-12bb0bb0bb0bb+3bbbb+4bbbb-2bbbbbb-2bb-1bbbb-2bbbb+7bbbb-2bb-3bb0b-1b-1b-1b0bpbbbbbbbbbbbbbbbb+8bbbb-2bb-2bb-1b-1b-1b-1b-1bbbbpbbbbbbbb+9bb0bb0bb0bb+1bbbb0bb0bb-1bbbb-4bbbb+4bbbb-4bbbbpbbbbbbbbbbbbbbbbbbbbbbbbbbbbbbbb+7bb+1bb+1bpb+1b+1b+1bb-1bbbb0bbbbbbbbbbbbbbbbpbbbbbbbbbbbbbbbbbbbbbbbbbbbbbbbb-4b+2bpb-2b+2bpbb-2b+2bpbb-2b+2bpbb-2b+2b-2b+2b-2b+2b-2b+2bpbb-2b+2b-2b+2b-2b+2b-2b+2b;0.2589891555989185;0.06852589641434263;0.12826249067859807;0.9772727272727273;0.5889460783900176;0
getoveryou;dakota;bb-2bb-3bb-2bb-2bb-3bb-2b+2b+3b-3b;b+5b0bbbbbbbb+7bbbb-13bbb+5b0bb0bb0bbbbbbbb-5bb+5bb-2bb+5bb0bb+3bb-2bbpbb-9bbbb+3bbbb+3bbbb+3bbbb-7bb+6bb-2bb+5bb-3bb+5bb-2bb+5bb-14bbbb+4bbbb+2bbbb+3bbbb+4bbbbbbbbbbbbbbbbpbbbbbbbbbbbbbbbb+5bbbbbb-2b+2b-4bbbbbbbbpbbbbbbbb-1bbbbbbbb-1bbbbbbbbpbbbb+7bbpbbbb-7bb+2bb+2bb+2bbbb-6bbpbbbb+9bbbbbbbb+2bbbb+2bb-2bb-5bbbb+3bbbbbbbb-15bb-4bb+2bb-7bbbbpbb+8bbbb-1bb-2bb0bb-4b+2b-2b-3bpbb-2bbb+5b0bbbbbbbbpbbbb+14bbbb+9bb-2bb+2bb-3bbbbpbb-2bbbbbbbbbbbb+1bbbb-1bbbbbbbb-2bbbbbbbb-5bbbbbbbbbbbbbbbb+5bbbbbbbbbbbbbbbb;0.25998929477884736;0.06759443339960239;0.1266294227188082;1.0;0.5617471640743773;0
getoveryou;light_myLife;bb-2bb-3bb-2bb-2bb-3bb-2b+2b+3b-3b;pbpbbbbbbbb+3bb-3b+5bb-5b+3bb-3b+5bb-5b+3bb+2b+2bb+1b-7bbbbbpb0bpb+4bb-4bpb+6bb-6b+4bb-4b+6bb-6bpb+4bb+2b+1bb-1b0bpb-7bbbpbb0bpb+3bb-3b+5bb-5b+3bb-3b+5bb-5b+3bb+2b+1bb-1b+5bbbbb0b+2bb-2b-2bb-1b+3bb-2b-3bb-4bb-1bb-2b+6bb-6bpbb+5bbbbbb-3bb+3bb+4bb-2bbbb-5bb+3bb0bbbbbbbbpbb-3bb+3bb+4bb-2bbbb-5bb+1bbbbbbbbbbpbb-3bb+3bb+7bb-1bbbbbb-9bb+3bb+6bb-2bbbb0bb-2bbbb-5bb+5bbbb-4bb+1bb+3bbbbbbpbbbb-3bb+3bb+4bb-2bbbb-5bb+3bb0bbbbbbbbpbb-3bb+3bb+3bb-1bb0bb-2bb-2bbbbbbbbpbbbb-3bb+2bb+1bb+11bbbb-2bb-2bb-8bb+3b0bpb+4bbbb-2bb+8bbbbpbb0bb+2bb-3bb-4bbbbbb0bbbb;0.250230096689296;0.06261510128913444;0.11785095320623917;1.0;0.5698913082728487;0
getoveryou;idreamed;bb-2bb-3bb-2bb-2bb-3bb-2b+2b+3b-3b;pbb+5bb-1bb+1bb-1bb+1bb-1b+1b0bbb-1b-2bb-2bb+2bb-2bb+2bb-2b+2b0bbb-2b-2bb-1bb+1bb-1b0b+1bb-1bb-2bb-2bb+7bbbbbbbb0bbbbpbb+2bb+5bb-2bb+2bb-2bb+2bb-2b+2b0bbb-2b-1bb-2bb+2bb-2bb+2bb-2b+2b0bbb-2b-2bb+2bb+2bb-2bb-2bb+2bb0bb-4bb+2bbbbbbbbpbb0bb+5bb-1bb+1bb-1bb+1bb-1b+1b0bbb-1b-2bb-2bb+2bb-2bb+2bb-2b+2b0bb-2b0b-2bb-1bb+1bb-1bb+1bb-1bb-2bb-2bb+7bbbbbbbb0bbbbbbbb;0.27306599437227375;0.08356545961002786;0.15424164524421594;0.8823529411764706;0.5333977722544416;0
getoveryou;kalamazoo_warren;bb-2bb-3bb-2bb-2bb-3bb-2b+2b+3b-3b;bbbb0bbbb0bb0bb0bbbb0bb0bb0bbbb0bb0bb0bbbb0bb0bbb+4b+3bb+5bb0bbbbbbbb0bbbbbbbb-3bbbbbbbb-2bbb-7b0bb0bb0bbbbbbbb0bbbbbbbbpbbbbbb+7bb0bbb-2b-3bb+5bb0bbb-2b-3bb+5bb0bbb-2b-3bb+5bb0bbbbbb-2bb-1bbb-4b0bb0bb0bb0bbbb0bb0bb0bbbb0bb0bb0bbbb0bb0bbb+4b+3bb+5bb0bbbbbbbb0bbbbbbbb-3bbbbbbbb-2bbb-7b0bb0bb0bbbbbbbb0bbbbbbbbpbbbbbb+7bb0bbb-2b-3bb+5bb0bbb-2b-3bb+5bb0bbb-2b-3bb+5bb0bbbbbb-2bb-1bbb-4b0bb0bb0bb0bbbb0bb0bb0bbbb0bb0bbpbb;0.28520117972873166;0.08133971291866028;0.1504424778761062;1.0;0.5663289239140633;0
getoveryou;beginthebeguine;bb-2bb-3bb-2bb-2bb-3bb-2b+2b+3b-3b;pbbbbbbbbbbbbbbbbbbbb+2bbbb+5bbbbbbbb0bbbbbbbb0bb-3bbbb-2bb+2bbbbbbbbbbbbbbbb0bbbbbbbb+1bbpbb-5bbbb0bbbb+2bbbb+7bbbbbbbb+2bbb-2b+2bbb-2b+2bbb-2b+2bbb+1b+2bbb-1b+1bbbb-2bb-1bbbbbb-2bbb-1b+1bbb+2b+1bbb-1b+1bbb+2b+1bbbb-1bbbb-2bb-1bbbbbb-2bbbbbbbb0bbbb-2bb-2bb0bbbb0bbbb0bbbb0bbbb0bbbb-3bbb+2b+1bbb-1b-2bbb+2b+1bbb-1b-2bbb+2b+1bbb+2b-2bbb-3b-2bbbbbbbbbbbbbbbb;0.2999504255139968;0.09243697478991597;0.16923076923076924;0.9705882352941176;0.5695069256408617;0
getoveryou;amothersprayer;bb-2bb-3bb-2bb-2bb-3bb-2b+2b+3b-3b;bb+5bb+2bbpbb+1bb-1b-2bbbbbbbb0bb-1bb+1b+2bbb-5b+2bbbbbbbbpbb-4bb+10bb-2b-1bbbbbbbb0bb-2bb+2b+1bbb-1b-2bbbbbbbbpbb-5bb+12bb-2b-2bbbbbbbb0bb+2bb+2b+1bb-1b-2bbbbbbbb0bb+2bb+1b-1bb-12bb+4bb+3bb+5bb-2bb-3bbbb-2bbbbbbbbbbbb-5bb+5b+2b+1bbb-1b-2bbbbbbbb0bb-1b+1b+2bbb-5b+2bbbbbbbbpbb-4bb+10bbb-2b-1bbbbbbbb0bb-2b+2b+1bbb-1b-2bbbbbbbbpbb-5bb+12bbb-2b-2bbbbbbbb0bb+2b+2b+1bbb-1b-2bbbbbbbb0bb+2b+1b-1bb-12bb+4bb+3bb+5bb-2bb-2bbbb-3bbbbbbbbbbbbpbbbb;0.278613658631905;0.0776255707762557;0.1440677966101695;1.0;0.5672452771062763;0
downunder;blessees;pbbbbbbbbbbbbbbbbbbbbbbbbbbbbbbbbbbbb-2bb-2bb-1b-1b-1b-1b-1bbbb+4bbbb+3bbbbpbbbbbbbb+2bbbb-2bb-2bb-1b-1b-1b-1b-1bbbbpbbbbbbbbbbbbbbbb+9bb0bb0bb0bb+1bbbb0bb0bb-1bbbb-4bbbb+4bbbb-4bbbbpbbbbbbbbbbbbbbbbbbbbbbbbbbbbbbbb+4bbbb-2bb-2bb-1b-1b-1b-1b-1bbbbpbbbbbbbbbbbbbbbb+12bb0bb0bb0bb+2bbbb0bb0bb-2bbbb-3bbbb+3bbbb-3bbbb0bbbb-2bb-2bb-1b-1b-1b-1b-1bbbbpbbbbbbbbbbbbbbbb+9bb0bb0bb0bb+1bbbb0bb0bb-1bbbb-4bbbb+4bbbb-4bbbbpbbbbbbbbbbbbbbbbbbbbbbbbbbbbbbbb-3b+1b+1b0bpbbbb+13bb-1bb0bbbbbbbbbbbbpbbbbbbbbbbbbbbbbbbbbbbbbbbbbbbbb-14bb0bb0bb0bb+3bbbb+4bbbb-2bbbbbb-2bb-1bbbb-2bbbbpbbbbbbbbbbbbbbbbbbbbbbbbbbbbbbbb+12b-2b-2b-1b-2b-2b+2b+2b+3b+2b-2b-2b+6bb-2bb0bbbbbbbbbbbbbbbbpbbbbbbbbbbbbbbbbbbbbbbbbbbbbbbbb-12bb0bb0bb0bb+3bbbb+4bbbb-2bbbbbb-2bb-1bbbb-2bbbbpbbbbbbbbbbbbbbbbbbbbbbbbbbbbbbbb+12b-2b-2b-1bpbbbb-2b-2b+2b+2bpbbbb+3b+2b-2b-2b+6b-2b0bbbbbbbbpbbbbbbbbbbbbbbbbbbbbbbbbbbbbbbbb-12bb0bb0bb0bb+3bbbb+4bbbb-2bbbbbb-2bb-1bbbb-2bbbb+7bbbb-2bb-3bb0b-1b-1b-1b0bpbbbbbbbbbbbbbbbb+8bbbb-2bb-2bb-1b-1b-1b-1b-1bbbbpbbbbbbbb+9bb0bb0bb0bb+1bbbb0bb0bb-1bbbb-4bbbb+4bbbb-4bbbbpbbbbbbbbbbbbbbbbbbbbbbbbbbbbbbbb+7bb+1bb+1bpb+1b+1b+1bb-1bbbb0bbbbbbbbbbbbbbbbpbbbbbbbbbbbbbbbbbbbbbbbbbbbbbbbb-4b+2bpb-2b+2bpbb-2b+2bpbb-2b+2bpbb-2b+2b-2b+2b-2b+2b-2b+2bpbb-2b+2b-2b+2b-2b+2b-2b+2b;pbbbbbbbbbbb+1b+2bbbbbbbbbb+2bb-5bbbbbbbbbb+1bb-3bbbbbbbbbb+2b+1b-3bbbbbbbbbb+2b+1b;0.25427242837441394;0.06539074960127592;0.12275449101796407;0.9879518072289156;0.6234893049706466;0

begood;mysweetlord;1, begood.xml, b+1b-1b-4b+2bb-2b-2bb-3bb-3bb-2bbb;2, mysweetlord.xml, pbbbbbbbb0b-3bb0b0bbpbb+3bbb0b-3b-2b+2b-2bbpbb+5bbb0b-3b0b0b-2bbpbb+2b+3b+2b+3b-3b+3bb0bbpbbbb-5b+2b+3b-3b+3bb0b0bpbbbb-5b+2b+3b-3b+3bb0b0b0b-8b+1b+2b0b+3b-1b-2b0b-3b-2b0b0bbpbb+5bb-3b0b0bb0b;0.44256110838525914;0.20930232558139536;0.34615384615384615;0.9183673469387755;0.5852536980845463;0

does_anybody;menusong;1, does_anybody.xml, bbbbpbbbb-3bb+1b+1b+1b+2bb-2b-1bb+1bpb+9bbbb-4bbbb0bbbb-5b+1bb+1b+2bbbb-2bbbb-1bbbb+1bbbb+5bbbbbbbb0bbbbpbbb+2b-4bbbbbb+2bb-3bbbbbb+1bb-3bb+2b-4bb+2b-4bbbbbbbbpbb-1bb+1bb+1bb+1bb+1b+3bb-2b-2bb+2bpb-5bbbbbbbb0bbbb+3bbbb-3bb+1b+1bb+1b+2bb-2bpb-1bb+1bpb+9bbbb-4bbbb0bbb-5b+1bb+1bpb+2bbb-2b-1bb+1b+5bbbbpb-6bbbb+1bbbbbbbb0bbbbpbbbb+3bbb+2b-3bbb+1b-3bb+2b-4bbb+2bpb-4bbbb+6bbbb0bbbbbbbb0bb+1b-3bbb+2b-4bbb+2b-4b+2bpb-3bbbb+5bbbb0bbbbbb-2bb-3bb+1b+1bb+1b+2bb-2b-1bbb+1bpb+9bbbb-4bbbbbbbb-1bb+1bb+4bbbb-2bbbb+3bbbb-1bbbb-4bbbbbbbb0bbbb-5bbbb+5bbbbbbbb0bbbbpbbbb;2, menusong.xml, pbbbbbbbbbbbbbbbbbb0b0b0b0b0b0b0b0b0b0b0b0b0b0b0b0b0b0b0b0b0b0b0b0b0b0b0b0b0b0b+2b0b0b0b0b0b0b0b0b0b0b0b0b0b0b0b0b0b0b0b0b0b0b0b0b0b0b0b0b0b0b0b-2b0b0b0b0b0b0b0b0b0b0b0b0b0b0b0b0b0b0b0b0b0b0b0b0b0b0b0b0b0b0b0b0b0b0b0b0b0b0b0b0b0b0b0b0b0b0b0b;0.40502406025224647;0.23042836041358936;0.3745498199279712;0.6046511627906976;0.5869430692888731;0

does_anybody;mysweetlord;1, does_anybody.xml, bbbbpbbbb-3bb+1b+1b+1b+2bb-2b-1bb+1bpb+9bbbb-4bbbb0bbbb-5b+1bb+1b+2bbbb-2bbbb-1bbbb+1bbbb+5bbbbbbbb0bbbbpbbb+2b-4bbbbbb+2bb-3bbbbbb+1bb-3bb+2b-4bb+2b-4bbbbbbbbpbb-1bb+1bb+1bb+1bb+1b+3bb-2b-2bb+2bpb-5bbbbbbbb0bbbb+3bbbb-3bb+1b+1bb+1b+2bb-2bpb-1bb+1bpb+9bbbb-4bbbb0bbb-5b+1bb+1bpb+2bbb-2b-1bb+1b+5bbbbpb-6bbbb+1bbbbbbbb0bbbbpbbbb+3bbb+2b-3bbb+1b-3bb+2b-4bbb+2bpb-4bbbb+6bbbb0bbbbbbbb0bb+1b-3bbb+2b-4bbb+2b-4b+2bpb-3bbbb+5bbbb0bbbbbb-2bb-3bb+1b+1bb+1b+2bb-2b-1bbb+1bpb+9bbbb-4bbbbbbbb-1bb+1bb+4bbbb-2bbbb+3bbbb-1bbbb-4bbbbbbbb0bbbb-5bbbb+5bbbbbbbb0bbbbpbbbb;2, mysweetlord.xml, pbbbbbbbb0b-3bb0b0bbpbb+3bbb0b-3b-2b+2b-2bbpbb+5bbb0b-3b0b0b-2bbpbb+2b+3b+2b+3b-3b+3bb0bbpbbbb-5b+2b+3b-3b+3bb0b0bpbbbb-5b+2b+3b-3b+3bb0b0b0b-8b+1b+2b0b+3b-1b-2b0b-3b-2b0b0bbpbb+5bb-3b0b0bb0b;0.5454795216231311;0.3187919463087248;0.48346055979643765;0.9004739336492891;0.6230757753900503;0

does_anybody;menusong;1, does_anybody.xml, bbbbpbbbb-3bb+1b+1b+1b+2bb-2b-1bb+1bpb+9bbbb-4bbbb0bbbb-5b+1bb+1b+2bbbb-2bbbb-1bbbb+1bbbb+5bbbbbbbb0bbbbpbbb+2b-4bbbbbb+2bb-3bbbbbb+1bb-3bb+2b-4bb+2b-4bbbbbbbbpbb-1bb+1bb+1bb+1bb+1b+3bb-2b-2bb+2bpb-5bbbbbbbb0bbbb+3bbbb-3bb+1b+1bb+1b+2bb-2bpb-1bb+1bpb+9bbbb-4bbbb0bbb-5b+1bb+1bpb+2bbb-2b-1bb+1b+5bbbbpb-6bbbb+1bbbbbbbb0bbbbpbbbb+3bbb+2b-3bbb+1b-3bb+2b-4bbb+2bpb-4bbbb+6bbbb0bbbbbbbb0bb+1b-3bbb+2b-4bbb+2b-4b+2bpb-3bbbb+5bbbb0bbbbbb-2bb-3bb+1b+1bb+1b+2bb-2b-1bbb+1bpb+9bbbb-4bbbbbbbb-1bb+1bb+4bbbb-2bbbb+3bbbb-1bbbb-4bbbbbbbb0bbbb-5bbbb+5bbbbbbbb0bbbbpbbbb;2, menusong.xml, pbbbbbbbbbbbbbbbbbb0b0b0b0b0b0b0b0b0b0b0b0b0b0b0b0b0b0b0b0b0b0b0b0b0b0b0b0b0b0b+2b0b0b0b0b0b0b0b0b0b0b0b0b0b0b0b0b0b0b0b0b0b0b0b0b0b0b0b0b0b0b0b-2b0b0b0b0b0b0b0b0b0b0b0b0b0b0b0b0b0b0b0b0b0b0b0b0b0b0b0b0b0b0b0b0b0b0b0b0b0b0b0b0b0b0b0b0b0b0b0b;0.40502406025224647;0.23042836041358936;0.3745498199279712;0.6046511627906976;0.5869430692888731;0

does_anybody;menusong;1, does_anybody.xml, bbbbpbbbb-3bb+1b+1b+1b+2bb-2b-1bb+1bpb+9bbbb-4bbbb0bbbb-5b+1bb+1b+2bbbb-2bbbb-1bbbb+1bbbb+5bbbbbbbb0bbbbpbbb+2b-4bbbbbb+2bb-3bbbbbb+1bb-3bb+2b-4bb+2b-4bbbbbbbbpbb-1bb+1bb+1bb+1bb+1b+3bb-2b-2bb+2bpb-5bbbbbbbb0bbbb+3bbbb-3bb+1b+1bb+1b+2bb-2bpb-1bb+1bpb+9bbbb-4bbbb0bbb-5b+1bb+1bpb+2bbb-2b-1bb+1b+5bbbbpb-6bbbb+1bbbbbbbb0bbbbpbbbb+3bbb+2b-3bbb+1b-3bb+2b-4bbb+2bpb-4bbbb+6bbbb0bbbbbbbb0bb+1b-3bbb+2b-4bbb+2b-4b+2bpb-3bbbb+5bbbb0bbbbbb-2bb-3bb+1b+1bb+1b+2bb-2b-1bbb+1bpb+9bbbb-4bbbbbbbb-1bb+1bb+4bbbb-2bbbb+3bbbb-1bbbb-4bbbbbbbb0bbbb-5bbbb+5bbbbbbbb0bbbbpbbbb;2, menusong.xml, pbbbbbbbbbbbbbbbbbb0b0b0b0b0b0b0b0b0b0b0b0b0b0b0b0b0b0b0b0b0b0b0b0b0b0b0b0b0b0b+2b0b0b0b0b0b0b0b0b0b0b0b0b0b0b0b0b0b0b0b0b0b0b0b0b0b0b0b0b0b0b0b-2b0b0b0b0b0b0b0b0b0b0b0b0b0b0b0b0b0b0b0b0b0b0b0b0b0b0b0b0b0b0b0b0b0b0b0b0b0b0b0b0b0b0b0b0b0b0b0b;0.40502406025224647;0.23042836041358936;0.3745498199279712;0.6046511627906976;0.5869430692888731;0

does_anybody;mysweetlord;1, does_anybody.xml, bbbbpbbbb-3bb+1b+1b+1b+2bb-2b-1bb+1bpb+9bbbb-4bbbb0bbbb-5b+1bb+1b+2bbbb-2bbbb-1bbbb+1bbbb+5bbbbbbbb0bbbbpbbb+2b-4bbbbbb+2bb-3bbbbbb+1bb-3bb+2b-4bb+2b-4bbbbbbbbpbb-1bb+1bb+1bb+1bb+1b+3bb-2b-2bb+2bpb-5bbbbbbbb0bbbb+3bbbb-3bb+1b+1bb+1b+2bb-2bpb-1bb+1bpb+9bbbb-4bbbb0bbb-5b+1bb+1bpb+2bbb-2b-1bb+1b+5bbbbpb-6bbbb+1bbbbbbbb0bbbbpbbbb+3bbb+2b-3bbb+1b-3bb+2b-4bbb+2bpb-4bbbb+6bbbb0bbbbbbbb0bb+1b-3bbb+2b-4bbb+2b-4b+2bpb-3bbbb+5bbbb0bbbbbb-2bb-3bb+1b+1bb+1b+2bb-2b-1bbb+1bpb+9bbbb-4bbbbbbbb-1bb+1bb+4bbbb-2bbbb+3bbbb-1bbbb-4bbbbbbbb0bbbb-5bbbb+5bbbbbbbb0bbbbpbbbb;2, mysweetlord.xml, pbbbbbbbb0b-3bb0b0bbpbb+3bbb0b-3b-2b+2b-2bbpbb+5bbb0b-3b0b0b-2bbpbb+2b+3b+2b+3b-3b+3bb0bbpbbbb-5b+2b+3b-3b+3bb0b0bpbbbb-5b+2b+3b-3b+3bb0b0b0b-8b+1b+2b0b+3b-1b-2b0b-3b-2b0b0bbpbb+5bb-3b0b0bb0b;0.5454795216231311;0.3187919463087248;0.48346055979643765;0.9004739336492891;0.6230757753900503;0





does_anybody;mysweetlord;1, does_anybody.xml, bbbbpbbbb-3bb+1b+1b+1b+2bb-2b-1bb+1bpb+9bbbb-4bbbb0bbbb-5b+1bb+1b+2bbbb-2bbbb-1bbbb+1bbbb+5bbbbbbbb0bbbbpbbb+2b-4bbbbbb+2bb-3bbbbbb+1bb-3bb+2b-4bb+2b-4bbbbbbbbpbb-1bb+1bb+1bb+1bb+1b+3bb-2b-2bb+2bpb-5bbbbbbbb0bbbb+3bbbb-3bb+1b+1bb+1b+2bb-2bpb-1bb+1bpb+9bbbb-4bbbb0bbb-5b+1bb+1bpb+2bbb-2b-1bb+1b+5bbbbpb-6bbbb+1bbbbbbbb0bbbbpbbbb+3bbb+2b-3bbb+1b-3bb+2b-4bbb+2bpb-4bbbb+6bbbb0bbbbbbbb0bb+1b-3bbb+2b-4bbb+2b-4b+2bpb-3bbbb+5bbbb0bbbbbb-2bb-3bb+1b+1bb+1b+2bb-2b-1bbb+1bpb+9bbbb-4bbbbbbbb-1bb+1bb+4bbbb-2bbbb+3bbbb-1bbbb-4bbbbbbbb0bbbb-5bbbb+5bbbbbbbb0bbbbpbbbb;2, mysweetlord.xml, pbbbbbbbb0b-3bb0b0bbpbb+3bbb0b-3b-2b+2b-2bbpbb+5bbb0b-3b0b0b-2bbpbb+2b+3b+2b+3b-3b+3bb0bbpbbbb-5b+2b+3b-3b+3bb0b0bpbbbb-5b+2b+3b-3b+3bb0b0b0b-8b+1b+2b0b+3b-1b-2b0b-3b-2b0b0bbpbb+5bb-3b0b0bb0b;0.5454795216231311;0.3187919463087248;0.48346055979643765;0.9004739336492891;0.6230757753900503;0

does_anybody;menusong;1, does_anybody.xml, bbbbpbbbb-3bb+1b+1b+1b+2bb-2b-1bb+1bpb+9bbbb-4bbbb0bbbb-5b+1bb+1b+2bbbb-2bbbb-1bbbb+1bbbb+5bbbbbbbb0bbbbpbbb+2b-4bbbbbb+2bb-3bbbbbb+1bb-3bb+2b-4bb+2b-4bbbbbbbbpbb-1bb+1bb+1bb+1bb+1b+3bb-2b-2bb+2bpb-5bbbbbbbb0bbbb+3bbbb-3bb+1b+1bb+1b+2bb-2bpb-1bb+1bpb+9bbbb-4bbbb0bbb-5b+1bb+1bpb+2bbb-2b-1bb+1b+5bbbbpb-6bbbb+1bbbbbbbb0bbbbpbbbb+3bbb+2b-3bbb+1b-3bb+2b-4bbb+2bpb-4bbbb+6bbbb0bbbbbbbb0bb+1b-3bbb+2b-4bbb+2b-4b+2bpb-3bbbb+5bbbb0bbbbbb-2bb-3bb+1b+1bb+1b+2bb-2b-1bbb+1bpb+9bbbb-4bbbbbbbb-1bb+1bb+4bbbb-2bbbb+3bbbb-1bbbb-4bbbbbbbb0bbbb-5bbbb+5bbbbbbbb0bbbbpbbbb;2, menusong.xml, pbbbbbbbbbbbbbbbbbb0b0b0b0b0b0b0b0b0b0b0b0b0b0b0b0b0b0b0b0b0b0b0b0b0b0b0b0b0b0b+2b0b0b0b0b0b0b0b0b0b0b0b0b0b0b0b0b0b0b0b0b0b0b0b0b0b0b0b0b0b0b0b-2b0b0b0b0b0b0b0b0b0b0b0b0b0b0b0b0b0b0b0b0b0b0b0b0b0b0b0b0b0b0b0b0b0b0b0b0b0b0b0b0b0b0b0b0b0b0b0b;0.40502406025224647;0.23042836041358936;0.3745498199279712;0.6046511627906976;0.5869430692888731;0

does_anybody;menusong;1, does_anybody.xml, bbbbpbbbb-3bb+1b+1b+1b+2bb-2b-1bb+1bpb+9bbbb-4bbbb0bbbb-5b+1bb+1b+2bbbb-2bbbb-1bbbb+1bbbb+5bbbbbbbb0bbbbpbbb+2b-4bbbbbb+2bb-3bbbbbb+1bb-3bb+2b-4bb+2b-4bbbbbbbbpbb-1bb+1bb+1bb+1bb+1b+3bb-2b-2bb+2bpb-5bbbbbbbb0bbbb+3bbbb-3bb+1b+1bb+1b+2bb-2bpb-1bb+1bpb+9bbbb-4bbbb0bbb-5b+1bb+1bpb+2bbb-2b-1bb+1b+5bbbbpb-6bbbb+1bbbbbbbb0bbbbpbbbb+3bbb+2b-3bbb+1b-3bb+2b-4bbb+2bpb-4bbbb+6bbbb0bbbbbbbb0bb+1b-3bbb+2b-4bbb+2b-4b+2bpb-3bbbb+5bbbb0bbbbbb-2bb-3bb+1b+1bb+1b+2bb-2b-1bbb+1bpb+9bbbb-4bbbbbbbb-1bb+1bb+4bbbb-2bbbb+3bbbb-1bbbb-4bbbbbbbb0bbbb-5bbbb+5bbbbbbbb0bbbbpbbbb;2, menusong.xml, pbbbbbbbbbbbbbbbbbb0b0b0b0b0b0b0b0b0b0b0b0b0b0b0b0b0b0b0b0b0b0b0b0b0b0b0b0b0b0b+2b0b0b0b0b0b0b0b0b0b0b0b0b0b0b0b0b0b0b0b0b0b0b0b0b0b0b0b0b0b0b0b-2b0b0b0b0b0b0b0b0b0b0b0b0b0b0b0b0b0b0b0b0b0b0b0b0b0b0b0b0b0b0b0b0b0b0b0b0b0b0b0b0b0b0b0b0b0b0b0b;0.40502406025224647;0.23042836041358936;0.3745498199279712;0.6046511627906976;0.5869430692888731;0




