N,SongName,SongString
1,timeformuehlebach,bbbb-4bbbb+4bbbb-4bbbb+4bbbb-4bbbb+4bbbb-4bbbb+4bbbb-4bbbb+4bbbb-4bbbb+4bbbb-4bbbb+4bbbb-4bbbb+4bbbb-4bbbb+4bbbb-4bbbb+4bbbb-4bbbb+4bbbb-4bbbbpbbbb-10bpb+3b0bbbb-2bb+2bbbbbbbbbbbbbbbb-2bbbb-1bpb+1bpb+2bbbb-3bbbb+1bbbbbbbbbbbbbbbb0bbbb
2,daybyday,pbbbbb0b-4b+2bbbbbbbpbbbbb+2bb-4b+2bpb0bbbbbbpbb0bp0bb0b+5bbpb-3bbbbp-4bbpb+2bb-2bb+2bb0bbp0bbbbbbpbbbbbbbbbbbb0bp+5bb0bb+2bpb-3bb-2b0bbbbpbb+3bb0bp0bbpbb+2bbp-3bb-2bp0bbbbpbb+1b-1bp+1bbbpbbb+2bp0bbpbbbb-3b-2bp-2bbb+2bbbpb+2bp-2b+2bbbbpbb0bbbbbbpbbb0bb-4b+2bp0bbbbbb
3,begood,b+1b-1b-4b+2bb-2b0bb-3bb0bb-2bbb
4,dirlada,pbbbbbbbbbbbbbbbbbbbbbbbbbbbbbbbbbbbb0bb+2bb0bb+2bb-4bbbbpbbbbbbbbbbbbbbbb0bbbb0bb+2bb0bb+2bb-4bbbbpbbbbbbbbbbbbbbbb+2bbbb0bb+2b-2b-2bb-1bb+3bbbbpbbbbbbbbbbbbbbbb-2bbbb0bb+2bb0bb+2bb-4bbbbpbbbbbbbbbbbbbbbb-3bbbb0bb+2bb+1bb-1bb-2bbbbpbbbbbbbbbbbbbbbb0bbbb0bb+2bb+1bb-1bb-2bbbbpbbbbbbbbbbbbbbbb+3bbbb0bb0bb+2bb+2bb-4bbbbpbbbbbbbbbbbbbbbb0bbbb0bb0bb+2bb+2bb-4bbbb
5,kansas,pbbbbbbbb-2bb-2bb-1bb+1bb+4bb+5bb-2bbbbbb-2bb-6b+1b+1bpb+3b-2b-3b-7b-5bbbbbbbbpbb+18bb-1bb-2bb-1bb+1bb+3bb+7bb-1bbbbbb-2bbpb-5b+1b+1b+3b-2b-3b-4b-8bbbbbbbbpbb+12bb-2bb-2bb-1bb+1bb+4bb+5bb-2bbbbbb-2bb-8bbbbbbbbpbb-7bb+3bb+2bb+4bb-2bb-4bb-3bb-2bb-1bb+5bbb-2b-2bbbbbbpbb
6,confessing,bb+5bb-1bb-6bb-1bb+6bb-1bb-5bb+3bbb-2b-1bbb-1b+1bbbb0bbbpb+3bb+5bb-1bb-6bb-1bb+6bb-1bb-5bb+3bbb-2b-1bb+3bb+5bbbb0b-8b+1b+1b+1bb+7bb-2bb-5bb+1bbbb+1bbbb0bb+3bb-1bb0bb-2bbbb0bbbpb-2bb+5bb-1bb-6bb-1bb+6bb-1bb-5bb+3bbb-2b-1bb+3bb+5bbbb0bbbpb
7,tonighthesailedagain,pbbbb-8bb+1bb+11bbb-2b0bbbbpbb-4bb-4bb+1bb+7bbb-2b0bbbbpbb-3bb+5bb-2bb0bbb0b-2bb+4bb-5bb-2bb-2bb+2bb+2bbbbbbbbpbb+3bb-8bb+1bb+11bbb-2b-4bbbb
8,ithinkaboutyou,b0b0b0b0b0b-2b-2b+2bb-2bb0bbbb+4b0b0b0b0b-2b-2bb+2bb-2bb0b+4b-2b-2b0bb0bbpbbbb0bb0b+2b+2bb0bbbbpbbbb-4b0b+4bb0bb0bb-2b-2b+2bb-2b0bpbbbb+4bb0b0b0bbbb-2b-2b0bb0b+4b-2b-2b0bb0bbpbbbb0bb0b+2b+2bb0bbbbpbbbb
9,phantomoftheopera,pbbbb+5bb-5bb+3bbb-2b0bbbb0bb-3bb+7bbb-7b+2bbbbbbbbpbb0bb+5bb-5bb+5bbb-4b0bbbb0bb-3bb+5bbb-5b+2bbbbbbbbpbb0bb+5bb+3bb+4bbb-2b0bbbb0bb0bb+5bbb-5b+2bbbbbbbb-9bb-2bb0bbb-1b+17bbbbbbbb0b-2b-2b-1b-2b-2b-1b-2b-1bbbbbbbb-1bb-2bb0bbb-1b0bbbbbbbb0bbbbpbbbb+5bb+5bb-5bb+3bbb-2b0bbbb0bb-3bb+5bbb-5b+2bbbbbbbb0bb0bb+5bb-5bb+3bbb-2b0bbbb0bb-3bb+5bbb-5b+2bbbbbbbbpbb0bb+5bb-5bb+12bbb-2b0bbbb0bb0bb+5bbb-5b+2bbbbbbbb0bbbbpbb0bb+5bbbbbbbb0b-2b-2b-1b-2b-2b-1b0b-3bbbbbbbb-1bb-2bb0bbb-1b0bbbbbbbb0bbbbpbbbb
10,whereareyounow,pbbpbb+2b+1bbb+2bbbb-2bb-1bbbb-2bbbb-2bb+5bbbb-1bb-2bbbb-2bbbbbbpbb+4bb+1bbbbbb-1bb0bb0bbbbpbbbb-2bbpbb+2b+3bbb0bbbb-2bb-1bbbb-2bbbb-2bb+5bbbb-1bb-2bbbb-2bbbbbbpbb+4bb+1bbbbbb-1bb0bb0bbbbpbbbb-4bb-1bbbb-2bbbb0bb0bbbbbbbbpbbbbbbbb
11,themetodayshow,pbbbbbb+3bb+5bbbbbbbbbpbbbb+2b-4bb-2bbbbbbbbbpbb+3bb0b+2bb-3b-4b+2b0bbbbbbbb0bbbbbbbb0b+2bb+3b0bbbbbbbb+2b-4bb+2b0bbbbbbbbpbb-2bb0b+2bb-3b0bbbbbb-4b+2b+2bbbbbbbb0bbbbbbbb
12,themeatimetolove,pbbbb+3bb+4bb+1bbbbbb-5bbpbb-3bb0bbpbb+2bbbbbb+6bbpbb-12bb0bbpbb+11bbbbbb-5bbpbb-6bb0bbpbb+4bbbb0b+2b+1b+4b-16bbbbpbbbb+14bbbbbb-5bbpbb0bb0bbpbb-1bbbb0b+1b+2b+3bpbb-10bb0bbpbb+9bbbbbbbbpbb-5bb0bbpbb+4bb-3bb+4bb+3bbpbbbb-11bbpbb+12bbbbbb-5bbpbb-3bb0bbpbb+2bbbbbb+6bbpbb-12bb0bbpbb+11bbbbbb-5bbpbb-2bb0bbpbb0bbbb0b+2b+1b+4b-16bbbbpbbbb+14bbbbbb-5bbpbb0bb0bbpbb-1bbbb0b+1b+2b+3bpbb-10bb0bbpbb+8bbbbbbbb
13,gehtsparkasse,pbbbbb+1b-1b-4b+2bb-2b0bbb
14,whisper_to_me,bbbb-1bbbb-7bb+7bbbbbb0bb0bb-2bbbb+2bb-2bbbbbb-5bb+3bb0bbbb0bb0bb-2bbbb-1bb+1bbbbbbbb0bbbbpbb0b0b+7bb-3bbbb-4bb+7bbbbbb0bb-1bb-4bbbb-3bb+7bbbbbb-7bb+5bbbbbb0bb0bb+2bbbb+1bb
15,goodnight,pbb+2b-2b-5bbb-3b+5bbb-1b+1bb-5b+3b+5bb+2b-2b-5bb+2bb+2bbbb0bbpbb-4bpb0bpb+5bb-8b+3b+4bbb-2b-5bbbb0bpb0b+3b+5bb-8b+3b+4bbb-2b-4bbbb0bbpb0b-1bb-2b-1b-11bb-3bb+22bbb0b+3bbb0b0bb-3b-1b+1b+5bb-3b-2bbb-1b-1bb
16,themetodayshow,pbbbbbb+3bb+2bbbbbbbbbpbbbb+2b-4bb+2bbbbbbbbbpbb+3bb0b+2bb-3b-4b+2b0bbbbbbbb0bbbbbbbb0b+2bb+3b0bbbbbbbb+2b-4bb+2b0bbbbbbbbpbb-2bb0b+2bb-3b0bbbbbb-4b+2b+2bbbbbbbb0bbbbbbbb
17,chatterbox_carew,bb+5bb-5b+2b+3bb+4bb0bb0bb-2bb-7b+2b+3bb-5b+2b+3bb+4bb0bb0bb-2bb+5b+2b+5bbbb-3bb-2bb-2bb-3bbbb0b-2b-2bb+4b-2b-2bb-1bb+1bb+2bbbb-7b+2b+3bb-5b+2b+3bb+4bb0bb0bb-2bb-7b+2b+3bb-5b+2b+3bpb+4bb0bb0bb-2bb+5b+2b+5bbbb-3bb-2bb-2bb-3bbbb0b-2b-2bb+4b-2b-2bb-1bb+1bb+2bbbb+8b+2b+2b0b-4b+2b+2bb-2bb-2bb-3bbbb
18,uncantoagalicia,pbbbb0bb+1bb+2b0bb0b+2bb-2bb+4bbb-9b0bb+2bb+1b0bb0b+2bb-2bb-1bbpb0b0bb+1bb+2b0bb0b+2bb-2bb+4bbb-9b0bb+2bb+1b0bb0b+2bb-2bb-1bbpb0b0bb+1bb+2b-3bb+3b+2bb-2bb+4bbb-9b0bb+2bb+1b0bb0b+2bb-2bb+4bbpb-5b0bb+1b+2b-3b0bb+3b+2bb-2bb+4bbb-9b0bb+2bb+1bbb0b+2bb-2bb-1bbbbbbb
19,word_warning,bpb0bbbb0bbpb-1b-3bb+1bb+3bb+4bb0bb+3bb0bb-3b+3b-1bbbb0bbpb-7b0bbbb0bbpb-2b-3bb+1bb+4bb+3bb+4bb0bb-4bb+4bb-2bbbbbbbbpbb0bb+3bb-3bb-5bb0bbbb-2bb+5bbb0b0bbbb0bbbb0bbpb0b+2bbbb-5bb0bb0bbbb+5bb+2b+1b0bbbb0bbpb-1b0bbbb0bbpb-6b0bbbb0bbpb-1b-3bb+1bb+3bb+4bb+3bb0bb-3bb+3bb-1bbbb0bbpb-7b0bbbb0bbpb0b-5bb+1bb+4bb+3bbpbb+3bb0bb-6b+6b-1bbbbbbbb
20,fence,pbbbbbbbb+5bbbb+2bbbb+2bbbb0bbb-1b+1bbbb0bbb-1b+1bbb-2b-2bbb+2b+2bbbbbbbb0bbbbbbbb+1bbbb-1bb-2bb0bbbbbbbbbbbb-3bbb+1b+2bbbb0bbb-1b+1bbbb0bbb-1b+1bbb-2b-1bbb+1b+2bbbbbbbb+5bbbbbbbb0bbbbbb-2bb-1bbbbbbbbbbbb-4bbb+2b+2bbbb0bbb-1b+1bbbb0bbb-1b+1bbbb0bbbb-2bb-2bbbbbb+5bbb-1b+1bbb0b+4bbb-5b+1bbb+2b+2bbb-1b+1bbbb-2bb-2bbbbbb-1bbb-1b+1bbb+1b+2bbb-1b+1bbb+2b+1bbbb-1bbbb-2bb-2bbbbbb-1bbbbbbbb0bbbb-2bb-2bb0bbbb0bbbb0bbbb0bbbb0bbbb-3bbb+2b+1bbb-1b-2bbb+2b+1bbb-1b-2bbb+2b+1bbb+2b-2bbb-3b-2bbbbbbbbbbbbbbbb
21,bali,bbbbpbbbb+3bbbbbb0bb-1bbbb+1bb+2bbbb-2bb-1bbbb+1bbpbb-3bbbb+12bbbb-4bbbbbb0bbbbbbpbbbbbbbbbbbbbbbb-5bb0b-1bbbbbb+1bb+2bbbb-2bb-1bbbbbb+1bbpb+4bbbbbbbbbbbbbbbb0bbbbbbbbbbbb-9bbbb+5bb0b-1bbbbbb+1bb+2bbbb-2bb-1bbbbbb+1bbpb+10bbbb-3bbbbbbbbbbbb0bbbbbbbbbbbb-7bbbb+2bbbb-1bb+1bbbbbb+2bbbbbb-1bb+1bbbbbbpbb+1bbpbb+4bbpbb-4bbbbbbbbbbbbbbbbpbbbbbbbb-8bbbb+1bbbbbb+2bb-2bbbbbb+2bb+2bbbb-2bb-2bbbbbb+2bbpbb-3bbbb+12bbbb-4bbbbbbbbbbbb0bbbbbbbbbbbbpbbbb-5bbbbbb0bb-1bbbbbb+1bb+2bbbbbb-2bb-1bbbbbb+1bb+4bbbbbbbbbbbbbbbb0bbbbbbbbbbbb-9bbbb+5bbbbbb0bb-2bbbbbb+2bb+2bbbbbb-2bb-2bbbbbb+2bbpbbbbbbbb0bbbbbb+1bb+9bbbb-3bbbbbbbbbbbb0bbbbbbbbpbbbbbbbb-5bbbb-1bb+1bbbbbb+3bb-1bbbb-1bb+1bbbbbb+5bpb-4bbbbbbbbbbbbbbbb0bbbbbb0bb+2bbbbbb+1bb+1bbbbbbbbbbbb-2bbbb-2bbbbbbbbbbbb-1bbbb
22,o_gladsome,b0b0b0bb-2b+2b-2b-2bb-1b+3b0b-2b+2b+2bb0b0b0b-2bb+2b-2b-2bb0b0bb0bb+2bbb+2b+1bb-1b-2b+2bb+1bb+2bb-3bb-2bb-2bb-1bbb0b-2bb+2b0b+1bb0b0b+5bb0b0b-1bbbpb
23,shepherd,pbbbbbbbbbbbbbbbbbb+5bb+2bb+1bb+3bbbbbb+1bbbbbb+2bb-2bb-1bb-3bbbbbb-1bbbb0bb-2bb-1bb-3bb+3bbbbbb-4bbbbbb+1bb-1bb-2bb+2bbbbbbbbbbbbpbb+6bb0bb+2bb+2b0b+2bbbb-2bb+2bbbbbb0bbbbbb+2bbbb-2bb-1bb0bb0bbb-5bb-3bb+5bbpb+2bbbb-3bb-2bb-3bb+5bb-2bb0bbbbpbbbbbbbbbbbbbbbbbb
24,thehappywhistler,bb0bb+5b0bpb0bb+4bb+3b+2b-2b-7bpb+4-2b-2b-3-2bb+9bb0bb-4b+2bpbbbb-7b0bb+5bb0bb+4bb+3b+2b-2b-2b-1b-2b-2b-3b-2bb+9bb0bb-2b-2bpbbbb+7b+2b0b+3bb0bb-3bb-2b+2b-2b-3b0b-2b-2b0b+4bb+3bb0bb-3b+3bpbbbb0bb+2b0b+3b0b0bb-3bb-2b+2b-2b-3b0b-2b-2b-3b-2bb+9bb0bb-2b-2b
25,girlinthedark,b+8b-1bbb-2b+2b-2b+2bbbb-7b+8b-1bbb-2b+2b-2b+2bbbb-2b+8b-1bbb-2b+2b-2b+2bbbb+1bb-9bbbbpbb-4bb+8bb-1bbb-2b+2b-2b+2bbbb-7b+8b-1bbb-2b+2b-2b+2bbbb-2b+8b-1bbb-2b+2b-2b+2bbbb+1bb-9bbbbpbb-4b+8bb-4bb+3bbbbbb-2bb0bb+7bb-2bbb-2b+2b-5b+3bb-3bb-5bb+1bbb+4b+2b-2b+7bbbb-4bb+5bbb-1b+1b-3b+2bb+5bb+3bb-1bbb-5b+6bb-1bbbbbb
26,spider,pbbbbbb-3bb-1bb+1bb+7bbbb-2bb-2bb-2bb-4bb+3bb-2bbbb+3bb-4bb+1bb+10bbbb-1bb-7bbbbbb0bbbbbb0bb+4bb+3bb+5bbbb-2bb0bbbb-1bb-1bbbbbb-10bb+4bb+3bb+5bbbb-2bb-1b0b+1bb+1bb+1bbbbbb+2bb0b-5b+3b-2b-8bb0b+3b+4b-2b0bbbb-4bb0bbbbbb+6b0b-1b+1b+3bpb-5bbbb+2bb-2bbbb-2bb+9bbbbbb-7bb-1bb+1bb+4bbbb+3bb-3bb-4bb+7bb-2bbbbbb-5bbbb+2bb+1bbbb-3bb+2bbbbbbpbbbb-4bb+5bb-1bb+1bb-1bb-3bb+3bb-2bb-9bb+9bb-2bbbb0bb+3bb0bb0bb-1bb-5bb+3bb0bb-2bb-1bb+1bbbb-1bb0bb-1bb+1bb+1bb-1bb+1bb+2bb-1bb+3bb-2bbbbbb-1bb0bb+1bb+2bb-3bb-4bb+9bb0bb-2bb-2bbbbpbb
27,timeformuehlebach,bbbb-4bbbb+4bbbb-4bbbb+4bbbb-4bbbb+4bbbb-4bbbb+4bbbb-4bbbb+4bbbb-4bbbb+4bbbb-4bbbb+4bbbb-4bbbb+4bbbb-4bbbb+4bbbb-4bbbb+4bbbb-4bbbb+4bbbb-4bbbbpbbbb-10bb+3b0bbbb-2bb+2bbbbbbbbbbbbbbbb-2bbbb-1bb+1bpb+2bbbb-3bbbb+1bbbbbbbbbbbbbbbb0bbbbpbbbb
28,daybyday,pbb0b-4bpb+2bbbbbbbpbbb-4b+2bpb0bbbbbbpbb0b0bb0b+5bbpb-3bbbbpb-4bbpb+2bb+2bb0bbpb0bbbbbbpbbbbbbbbbbbb0b+5bb+5bb+2bpb-3bb-2b0bbbbpbb+3bb0b0bbpbb+2bbpb-3bb-2b0bbbbpbb+1b-1b0bbbpbbbb+2b0bbpbbbb-3b-2b-4bbb+2bbbpb+2b-2b+2bbbbpbb0bbbbbbpbbb-4b+2b0bbbbbbpb
29,roses,b-2b-2b-1b+1b+4b+3b+1bbbb+1bbbb-4bb-1b-2b-1b+1b+3b+4b+1bbbb+1bbbb+3bb-2b-1b0b+1b+2b-2b0bbbb-4bbbb+1bbb-10b0bbbb+10bbb-5b0bbbb0bb-2b-2b-1b+1b+4b+3b+1bbbb+1bbbb-4bb-1b-2b-1b+1b+3b+4b+1bbbb+1bbbb+3bb-2b-1b0b+1b+2b-2b0bbbb-6bbbb+3bbb-10b0bbbb+10bbb-2b0bbbb0bbbb0bpb
30,letitend,bbbbbb0bbbbbb-2b+2b+2bb-2b-2b+2bb+2b-7b+2bbbbbb+3b+2b+1bb-1b-2b+2bb+1b-6b0bbbbbb+5b+1b+2bb-2b-1b+1bb+2b-5b-2bb+2b+2b0b+1b+2b+2b0bb-2b-2b+2bb+2b-7b0bbbbbb-2b+2b+2bb-2b-2b+2bb+2b-7b+2bbbbbb+3b+2b+1bb-1b-2b+2bb+1b-6b0bbbbbb+5b+1b+2bb-2b-1b+1bb+2b-5b-2bb0b+2b+2b+1b+2b+2b0bbbb0b-2b+2b+2b0bbbb0b-2b+2b+1b0bbbb0b-1b-2b+3b0bb0bb-1bb-2b-2b0bbbb0b0b+2b+2b0bb-1bb-1bb-2b-2b0bbbb0b0b+2b+1b-1bb+1bb-2bb0b-2b0bbbbbbbb0bbbbpb+5b+2b+1b
31,light_myLife,pbpbb+3bb-3b+5bb-5b+3bb-3b+5bb-5b+3bb+2b+2bb+1bpb-7bbbbb0bpb+4bb-4bpb+6bb-6b+4bb-4b+6bb-6bpb+4bb+2b+1bb-1b0bpbpb0bpb+3bb-3b+5bb-5b+3bb-3b+5bb-5b+3bb+2b+1bb-1b+4bbbbb0b+2bb-2b-2bb-1b+3bb-2b-3bb-4bb-1bb-2b+6bb-6bpb+5bbbbbb-3bb+3bb+4bb-2bbbb-5bb+3bb+3bbbbbbbbpbb-3bb+3bb+4bb-2bbbb-5bb-4bbbbbbbbbbpbb-3bb+3bb+7bb-1bbbbbb-9bb+3bb+6bb-2bbbb0bb-2bbbb-5bb+5bbbb-4bb+1bb+4bbbbbbbbpbb-3bb+3bb+4bb-2bbbb-5bb+3bb+3bbbbbbbbpbb-3bb+3bb+3bb-1bb0bb-2bb-4bbbbbbbbbbpbb-3bb+2bb+1bb+11bbbb-2bb-2bb-8bb+3b0bpb+4bbbb+8bbbbpbb0bb+2bbbbpbb-3bbbb0bb-4bbbbbb0bbbbpbb
32,niveau,pbbb+2b+1b-1b-2bpbbb0b+2b+1b-1b-2bpbbb0b+2b+1b-1b-2b-2b+7bb-2bb-1bb-2bbpbb0b+2b+1b-1b-2bpbbb0b+2b+1b-1b-2bpbbb0b+2b+1b-1b-2b-2b+7bb+2bb-4bb-1bbpbb-2b+2b+1b-1b-2bpbbb0b+2b+1b-1b-2bpbbb0b+2b+1b-1b-2b-2b+7bb-2bb-1bb-2bbpbb0b+2b+1b-1b-2bpbbb0b+2b+1b-1b-2bpb+10b0b0b0b0b0b0b0b0bb-7b-3bbbb
33,wishing_song,bbpbb+5bbbb-1b+1b-1bbbb-7b+3b+4bbbb-2b+2b-2bbbb-6b+1b+3bb0bbb0b0bb-2bb-1bb+1bbbbbb0bbbb-1b+1b+9bbbb-2b+2b-2bbbb-8b+1b+7bbbb-1b+1b-1bbbb-10b+1+7bb0bbb-7b+6bb0bbb-6b
34,old_eli,bb+5bb0bb-5bb+1bb+1bb0bbbb0bb+8bb0bb-8bb+7bb-2bb0bbbb-7bb+12bb0bb-3b-4b-1bb0bb0bb-1b+1b+3bb-8bb+5bb-2bb-2bbbb0bbbb0bb+5bb0bb-5bb+1bb+1bb0bbbb0bb+8bb0bb-8bb+7bb-2bb0bbbb-7bb+12bb0bb-3b-4b-4bb+1bb0bb+3b+2+2bb0bb0bbb-2b-2bbbb0bpb
35,rendezvous,pbbbbbbbbb-1b+1bb0b-1b-2b-2b+2b-2b+2bb0b-2b-2b-1b+1b-1b+1bb0b-1b-2b-2b+7bbbbbbbb+7b0b0bb0b-1b-2b-2b+2b-2b+2bb0b-2b-2b-2b+2b-2b+2bb0b-2b-1b-2b+7bbbbbbpbb+3b-1b+1bb0b-1b-2b-2b+2b-2b+2bb0b-2b-2b-1b+1b-1b+1bb0b-1b-2b-2b+9bbbbbbbb
36,mojoworkout,b0b0b0bb0b-5b+3bb+2bbpbb0bb-3b+3bb0b-5b+3bb+2bbpb-5b+3b+2bpbbbb0bb0b-5b+5bb0bb0bb0bb0b0bb0b-5b+3bb+2bbpbb-2b0b-3b+3bb0b-3b+3b-3b0b0bpb0b0b0b0b-2b-2bb-3bbbbbbbb0bbbbbbpb-1b+1b0b0b-2b+2bb0b0b0b0b0b+4b0bbb-5b+1b0b0b0b0bb0b0b0b0b0bb0bbb-1b
37,gotmymojoworking,b0b+4bb-6b-1b+1b-1b-4b0b+7bb0bb0bb-3bb-4bbbb0bbbb0bbbb0bpb+7b0b0bb-2b-1b+1b-1b-4b0b+12bb-5bb-2bb-1bb-4bbbb0bbbb0bbbb0b+4b+1b-1b+1bb0b-1b-4b+7bb-7b+7bb0bb-2bb-1bb-4bbbb0bbbb0bbbb0b+12bb0b0bb0bb-1bb+1bb0bbbb0b0bb0b0bb0bb-1bb+1bb0bbbb0b0bb0b0bb0bb-1bb+1bb0bbbb0bpb
38,ithinkaboutyoutwo,pbbbbbb0bb-1bb-2bb0bb-2bb+2bb-2bb0bb0bb+2bbbb-2bbbb0bbbbpbbbb0bb+2bb-2bb0bbbb-7bbbbpbb+12bb0bb-1bb-2bb0bb-2bbpbbbb0bb+2bbbb-2bbb0b+2bbbbpbbbb+3bb-3bb-2bb0bbbb-7bbbbpbbbb
39,muehlebachbeersmith,bb-5bb+5bb-5bb+5bb-5bb+5bb-5bb-7bb+5bbbbbbbbbb-5b+2b+1bb+2bb-3bbbbbbbb0bb-5b+1b+2bb+2bb-2bbbbbbbbbb-1b+1b+2bb-3bb-2bbbbbbbbbbbbbb-5b0b+12bbbbbbbb0bb-5b+2b+1bb+2bb-3bbbbbbbb0bb-5b+1b+2bb+2bb-2bbbbbbbbbb-1b+1b+2bb-3bb+1bbbbbbbb
40,downunder,pbbbbbbbbbbbbbbbbbbbbbbbbbbbbbbbbbbbb-2bb-2bb-1b-1b-1b-1b-1bbbb+4bbbb+3bbbbpbbbbbbbb+2bbbb-2bb-2bb-1b-1b-1b-1b-1bbbbpbbbbbbbbbbbbbbbb+9bb0bb0bb0bb+1bbbb0bb0bb-1bbbb-4bbbb+4bbbb-4bbbbpbbbbbbbbbbbbbbbbbbbbbbbbbbbbbbbb+4bbbb-2bb-2bb-1b-1b-1b-1b-1bbbbpbbbbbbbbbbbbbbbb+12bb0bb0bb0bb+2bbbb0bb0bb-2bbbb-3bbbb+3bbbb-3bbbb0bbbb-2bb-2bb-1b-1b-1b-1b-1bbbbpbbbbbbbbbbbbbbbb+9bb0bb0bb0bb+1bbbb0bb0bb-1bbbb-4bbbb+4bbbb-4bbbbpbbbbbbbbbbbbbbbbbbbbbbbbbbbbbbbb-3b+1b+1b0bpbbbb+13bb-1bb0bbbbbbbbbbbbpbbbbbbbbbbbbbbbbbbbbbbbbbbbbbbbb-14bb0bb0bb0bb+3bbbb+4bbbb-2bbbbbb-2bb-1bbbb-2bbbbpbbbbbbbbbbbbbbbbbbbbbbbbbbbbbbbb+12b-2b-2b-1b-2b-2b+2b+2b+3b+2b-2b-2b+6bb-2bb0bbbbbbbbbbbbbbbbpbbbbbbbbbbbbbbbbbbbbbbbbbbbbbbbb-12bb0bb0bb0bb+3bbbb+4bbbb-2bbbbbb-2bb-1bbbb-2bbbbpbbbbbbbbbbbbbbbbbbbbbbbbbbbbbbbb+12b-2b-2b-1bpbbbb-2b-2b+2b+2bpbbbb+3b+2b-2b-2b+6b-2b0bbbbbbbbpbbbbbbbbbbbbbbbbbbbbbbbbbbbbbbbb-12bb0bb0bb0bb+3bbbb+4bbbb-2bbbbbb-2bb-1bbbb-2bbbb+7bbbb-2bb-3bb0b-1b-1b-1b0bpbbbbbbbbbbbbbbbb+8bbbb-2bb-2bb-1b-1b-1b-1b-1bbbbpbbbbbbbb+9bb0bb0bb0bb+1bbbb0bb0bb-1bbbb-4bbbb+4bbbb-4bbbbpbbbbbbbbbbbbbbbbbbbbbbbbbbbbbbbb+7bb+1bb+1bpb+1b+1b+1bb-1bbbb0bbbbbbbbbbbbbbbbpbbbbbbbbbbbbbbbbbbbbbbbbbbbbbbbb-4b+2bpb-2b+2bpbb-2b+2bpbb-2b+2bpbb-2b+2b-2b+2b-2b+2b-2b+2bpbb-2b+2b-2b+2b-2b+2b-2b+2b
41,hey,bbpbb-12b+12b-2b0b-1b-2b0b0b-2b+7bbpbb-12b+9b-2b0b-2b0b-1b0b-2b+2bbbbpbbbb-4b+2b+2b+1bb+4b+1bbbbbbbbpbbbbbbbb+4bbpbb-12b+2bbbbbbbbpbb-4b+2b+2b+1bb+2b+2bbbbbbbb
42,muehlebachbeersmith,bb-5bb+5bb-5bb+5bb-5bb+5bb-5bb+5bb-5bb+5bb-5bb+5bb-5bb+5bb-5bb-7bb+12bbbbbbbbbb-5b+2b+1bb+2bb-3bbbbbbbb0bb-5b+1b+2bb+2bb-4bbbbbbbbbb-1b+1b+2bb-3bb+1bbbbbbbbbbbbbb-5b0b+12bbbbbbbb0bb-5b+2b+1bb+2bb-3bbbbbbbb0bb-5b+1b+2bb+2bb-4bbbbbbbbbb-1b+1b+2bb-3bb+1bbbbbbbb
43,lady_divine_pt2,bbbbbb-7bbbbbb+5bb0bb0bb0bb-1bb-9bb+5bbbbbb-2bb0bpb+2bbpbb-1bbpbb+1bb-2bbpbb0b+2b+7bbbbbb-2bbbb-1bb-1bbpbb-1bb-6bb+1bbpb+5b-4bbbbbb0bbbb0bb-1bbpbb+1bb-4bbpbb+1b+3b+7bbbbbb-1bbbb-2bb-2bbpbb+4bb-2bb+2bbpb-4b
44,sognonostalgico,b+8b-1bbb-2b+2b-2b+2bbbb-7b+8b-1bbb-2b+2b-2b+2bbbb-2b+8b-1bbb-2b+2b-2b0bbbbb+1b-9bbbbbbpb-3b+7b-5b+4bbbbbbpbbbbbb+3bbb-2b+2b-5b+3bb-3bbb0b-4bbb+4b+2b-2b+7bbbb0bb+1bbb-1b+1b-3b+2bb-7bb+3bb-1bbb-2b-1b+1b+2bbbbbb
45,jeanniemichele,pbb+1b+2bb0bb0bb-6bb+6bbb0b-2bb0bb0bb-6bbbb+6b0b-1bb0bb0bb0bb-2bbb-2b+2bbbbbb0bbpbb+2b+1b+2bb0bb0bb-6bb+6bbb0b-2bb0bb0bb-6bbbb+5b+1b-1bb0bb0bb0bb-4bbb+4b+3bbbbbb0bbpbb
46,perhaps,pbb+2b-2b+5b-3b-2b-3b-2bbbbbbbbpb0b+2b-2b+5bb-3bb-7bbbbbbbbpb-2b+2b+2b+3b-2b-1b+1b+7bbbbbbbbpb-5b+2b+5b-5bb-1bb+1bbbbbbbbpb+3b+2b-2b+5b-3b-2b-3b-2bbbbbbbbpb0b+2b-2b+5bb-3bb-4bbbbbbbbpb0b+2b+2b-2b-2b+2b+2b+7bbbb-2bbbbpb-9b+2b+2b+7bb0bb-4bbbbbbpbb
47,lady_divine_pt3,bbbb0bbbb+3bb-1bbpbb+1bb-2bbpbb0b+2b+7bbbbbb-2bbbb0bb+2bbbb-2bb+4bbbb-2bb-5bbbbbb0bbbb0bb-1bbbb+1bb+7bbbb-2bb-3bb+1bb-8bb+7bb-2bb-5bb+1bbbb+2bb+2bb+2bb+5bb-4bbbbbbpbb-5bb+5bbbbbb0bbbbbb
48,mygodanditwo,bbb+3bbb0bpbb0bbbbbb-3bb+3bb0bb0bbb-3b0bbbb-2bbbbpbb0bb0bbb+2bpbbbbbbbbbb+1bbbbbb0bb+4bb0bb-2bbb-2b-1bbbbbbbbpbb0bb+1bbb+2b+2bbbbbb0bb+3bb0bb-1bbb-2b0bbbb-2bbbbpbb-3bb+3bb+5bb-1bbbbbb-2bb-2bb0bb-2bbb-3b+2bbbbbbbbpbbbbbbbb
49,lifeisarock,bb0bb-2bb+1bb-1bb-3bbbb-2bbbb-2bb+1bb-4bbbb0bbbb-2bb0bbbb-3bbpbb-2bb+1bb+1bb0bbbbbbbb+5b0b0b0b0b0b0b0b0b0b0b0b0b0b0b0b0b0b0b0b0b0b0b0b0b0b0b0b0b0b0b0b0b0b0b0b0b0b0b0b0b0b0b0b0b0b0b0b0b0b0b0b0b0b0b0b0b0b0b0b0b0b0b0b0b0b0b0b0b0b0b0b0b0b0b0b0b0b0b0b0b0b0b0b0b0b0b0b0b0b0b0b0b0b0b0b0b0b0b0b0b0b0b0b0b0b0b0b0b0b0b0b0b0b0b0b0b0b0b0b0b0b0b0b0b0b0b0b0b0b0b0b0b0b0b0b0b0b0b0b0b0b0b0b+7bbbbbbbb-3bb-2bbbb-2bb0bbpbb0bb0bb+2bb-2bb+2bbbb+5bbbb0bbbbbbbbbbbbpbbbb-7bb0bb+2bb-2bb+2bbbb+2bbbbbbbb-4bbbbbbbbpbbbb0bb0bb+2bb-2bbbb+4bb
50,dakota,b+5b0bbbbbbbb+7bbbb-13bbb+5b0bb0bb0bbbbbbbb-5bb+5bb-2bb+5bb0bb+3bb-2bbpbb-9bbbb+3bbbb+3bbbb+3bbbb-7bb+6bb-2bb+5bb-3bb+5bb-2bb+5bb-14bbbb+4bbbb+2bbbb+3bbbb+4bbbbbbbbbbbbbbbbpbbbbbbbbbbbbbbbb+5bbbbbb-2b+2b-4bbbbbbbbpbbbbbbbb-1bbbbbbbb-1bbbbbbbbpbbbb+7bbpbbbb-7bb+2bb+2bb+2bbbb-6bbpbbbb+9bbbbbbbb+2bbbb+2bb-2bb-5bbbb+3bbbbbbbb-15bb-4bb+2bb-7bbbbpbb+8bbbb-1bb-2bb0bb-4b+2b-2b-3bpbb-2bbb+5b0bbbbbbbbpbbbb+14bbbb+9bb-2bb+2bb-3bbbbpbb-2bbbbbbbbbbbb+1bbbb-1bbbbbbbb-2bbbbbbbb-5bbbbbbbbbbbbbbbb+5bbbbbbbbbbbbbbbb
51,prelude,bbbb0bbbbpbbbbbbbb+5bbbbbbbb+2bbbb+2bbbb-2bbbb-2bbbb-8bbbbbbbbbbbbbbbbbbbbbbbb+15bbbbbbbbbbbb+2bbbb-4bbbb+4bbbb-9bbbbbbbbbbbbbbbbbbbbbbbb+7bbbbbbbb-2bbbb-3bbbb-3bbbbpbbbb-2bbbb+5bbbb-7bbbbbbbbbbbb+2bbbb-2bbbb+7bbbb-7bbbbbbbb+2bbbbbbbb-2bbbb+7bbbb+5bbbbbbbbbbbbpbbbb+2bbbb-5bbbb+5bbbb-5bbbb+1bbbb-1bb-2bb+7bbbb-5bbbb+5bbbb-5bbbb+1bbbb-1bb-2bb+7bbbb0bb0bb0bbbb0bbbb0bb-2bb-2bb+2bbpbbbbbbbbbbbbbbbb-5bbbbbbbb+7bbbb0bb0bb0bbbb0bbbb0bb-2bb-2bb+2bbpbbbbbbbbbbbbbbbb-5bbbbbbbb+7bbbbbbbbbbbbbbbbpbbbbbbbb-5bbbb-9bbbb+5bbbb-5bbbb+2bbbb-2bb-2bb+7bbbb-5bbbb+5bbbb-5bbbb+2bbbb-2bb-2bb+7bbbb+4bb0bb-4bbbb0bbbb0bb-1bb-2bb+2bbpbbbbbbbbbbbbbbbb-6bbbbbbbb+7bbbb0bb0bb0bbbb0bbbb0bb-1bb-2bb+2bb+1bbbbbbbbbbbbbbbbpbbbbbbbb+4bbbb-5bbbb+5bbbb-5bbbb+1bbbb-1bb-2bb+7bbbb-5bbbb+6bbbb-6bbbb+1bbbb-1bb-2bb+7bbbb0bb0bb0bbbb0bbbb0bb-2bb-2bb+2bbpbbbbbbbbbbbbbbbb-5bbbbbbbb+7bbbb0bb0bb0bbbb0bbbb0bb-2bb-2bb+2bbpbbbbbbbbbbbbbbbb-5bbbbbbbb+7bbbbbbbbpbbbbbbbb+3bbbb-5bbbb+5bbbb-5bbbb+2bbbb-2bb-2bb+7bbbb-5bbbb+5bbbb-5bbbb+2bbbb-2bb-2bb+7bbbb0bb0bb0bbbb0bbbb+2bbbb0bbbb-2bbbb0bb0bb0bbbb0bbbb+2bbbb0bbbb-2bbbbbbbbbbbbbbbbpbbbbbbbb+4b+1b+2b-7b+2b+2b+1bbbbbb+2bbpbb+2bbbbbbbb-1bbbb+1bbbb+2bbbb-7bbbb+2bbbb+2bbbb+3b+1b+2b-7b+2b+2b-1bbbbbb+4bb+2bb-2bbpbb-2bbbb-1bbbb-2bbbb-2bbbb-1bbbb+7bbbb-9bbbbbbbbpbbbbbbbb
52,calledlove,bbpbb-6bb-3bb0bbbb0bbbb+3bbbb-2bbbbbbbbpbbbb0bb0b-1bb0b0bbbb0bbbb-4bbbb+1bbbbbbbbpbbbb+6bb0bb-3bb0bbbb0bb+3bb0bbb-1b-1bbbbbbbbpbbbb0bb0b-1bb0b0bbbb0bb-4bb0b0bbb-3bbbbbbbbpbbbb+15bb0bb-3bb0bbbb0bb+3bb0bb+2bb-3bbbbbbbbpbbbb0bb-2bb-4bb0bbbb+1bb+3bb0bb-2bb-3bbbbbbbbpbb+3bb0bb0bb0bb-3bb0bbbb0bb+3bb0b+2bb-2b-2bbbbbbbbpbbbb0bb0bb-1bb0bbbb0bbbb+8bbbb
53,myownsweet,b+2b+2bpb+1bbb+2b+2b+5b-2b-3b-2bb-5bbpb0b+5b-2b-1bbb+1b+2b+7b-2b-5b+1bb+1bbpb-9b+2b+2b+1bbb+2b+2b+5b-2b-3b-2bb-5bbpb+12b+2b-2b-2bbb-1b-1b-3b-5b+2b+1bb0bpb-1b+1b+2b+2bbb+1b-1b-2b-2b-1b+3bb-2bbpb-1b+1b+1b+1bbb-5b+8b-1b-2b-2b-1bbbbpb-4b+2b+2b+1bbb+2b+2b+5b-2b-3b-2bb-5bbpb+12b+2b-2b-2bbb-1b-1b-3b-5b+2b+1bb0bpb
54,lady_divine_pt1,b-5b+2b+2bb-2b-8bbb+1bbb+9b-4b+2b+2bb-4b-3bbb+1bbpb+7b-5b+2b+2bb-2b
55,o_light,b0b0b0bb-2b+2b-2b-2bb-1b+3b0b-2b+2b+2bb0bb0b-2bb+2b-2b-2bb-1b+1bb0bb+2bbb+2b+1bb-1b-2b+2bb+1bb+2bb-3b0b-2bb-2bb-1bb0bb-2bb+2b0b+1bbb0b+5b0b0bb-1bbbpb0bbbpb0b0b0b0b0bb-1b0b+1bb-5bb+1bb+2bb+2bbbpb+3bbb0b0bb-2bbpbbbb
56,light_myLife,pbpbbbbbbbb+3bb-3b+5bb-5b+3bb-3b+5bb-5b+3bb+2b+2bb+1b-7bbbbbpb0bpb+4bb-4bpb+6bb-6b+4bb-4b+6bb-6bpb+4bb+2b+1bb-1b0bpb-7bbbpbb0bpb+3bb-3b+5bb-5b+3bb-3b+5bb-5b+3bb+2b+1bb-1b+5bbbbb0b+2bb-2b-2bb-1b+3bb-2b-3bb-4bb-1bb-2b+6bb-6bpbb+5bbbbbb-3bb+3bb+4bb-2bbbb-5bb+3bb0bbbbbbbbpbb-3bb+3bb+4bb-2bbbb-5bb+1bbbbbbbbbbpbb-3bb+3bb+7bb-1bbbbbb-9bb+3bb+6bb-2bbbb0bb-2bbbb-5bb+5bbbb-4bb+1bb+3bbbbbbpbbbb-3bb+3bb+4bb-2bbbb-5bb+3bb0bbbbbbbbpbb-3bb+3bb+3bb-1bb0bb-2bb-2bbbbbbbbpbbbb-3bb+2bb+1bb+11bbbb-2bb-2bb-8bb+3b0bpb+4bbbb-2bb+8bbbbpbb0bb+2bb-3bb-4bbbbbb0bbbb
57,tillyou,pbbbbbbbb+8bbbb-8bbbb+3bbbbbb-2bb0bbbbbbbbpbbbb-3bbbb+9bbbb-9bbbb+3bbbb-1bbbb0bbbbbbbbpbbbb0bbbb+5bbbb+3bbbb+4bbbbbb+1b-1b-2bbbbbbbb0bbbbbbbbpbbbb0bbbb-3bbbbbbbbbbbbbbbbpbbbb-7bbbb+8bbbb-8bbbb+3bbbbbb-2bb0bbbbbbbbpbbbb-3bbbb+9bbbb-9bbbb+3bb-1bb0bbbb0bbbbbbbbpbbbb0bbbb+5bbbb+3bbbb+2bbbbbbbb-2bbbbbbbb0bbbbbbbbbbbbbbbb-1bbbb
58,twilightwaltz,pbbbb0bb-12bbbbbb+24bbpbb-24bb-2bb+2bbpbb+10bb0bb-12bbbbbbpbb+12bb0bb-12bbbbbbpbb+12bb0bb-12bbbbbb+24bbpbb-24bb-3bb+3bbpbb+11bb+12bb-24bbbbbb+24bb-12bb0bb-12bbbbbbpbb+10bb+12bb-24bbbbbb+24bbpbb-24bb-2bb-3bbpbb+20bb+12bb-30bbbbbb+30bbpbb-30bb-2bb-2bbpbb+10bb+12bb0bbpbb+2bb+2bb+3bb-12bb-12bbpbb+21bb+3bb-12bbbbbb+12bbpbb-12bb-3bb+3bb+7bb0bb+4bbpbb0bb-12bbbbbb-6bb+2bb+2bb+2bbbbbb0bb+1bb-1bb-7bbbbbbpbb+17bb+3bb-15bbbbbb+17bb-2bb-3bb-12bbbbbbpbb+10bb0bb-12bbbbbb+12bbpbb-12bb-2bb-3bbpbb+14bb+3bb-15bbbbbb+17bbpbb-17bb-2bb-2bbpbb+11bb+12bb-24bbbbbb+24bbpbb-24bbpbb+13bb+2bb+15bbbbbb-20bbb+2b0b+1b+4bbb-2b0b-1b+3bbb-2b0b-1b+1bbbbbb-10bbb+1b+1b+1b+4bbb-2b0b-1b+3bbb-2b0b-1b+1bbbbbb
59,desert_song,bb+1bb+6bb-2bb0bbbb-8bb+1bbbb+2bb+1bbbbbb0bb+7bb-1bb0bbbb-8bb+1bbb0b+1b+1b+1bbbbbb+1bb+8bb-2bb+2bbbb-4bb0bb-9bb+1bb+7bbbb-2bb0bb+7bb-5bb-2bbbb-2bb+2bbbb-2bb-3bbbbbb+1bb+6bb-2bb0bbbb-8bb+1bbbb+2bb+1bbbbbb0bb+7bb-1bb0bbbb-8bb+1bbbpb
60,littlespanishtown,pbbbbbbbb+4bb+3bb+3bb-2bb-1bb0bbb-2b-2b-1b-2bbbbbb+7b-9b+5b+4p-2b-2b+2b-7b+4b+3p-2b-1b+1b-5b+9b-4b+9b-2b+5bbbbpbb-17bb+2bb+3bb-1bb+1bb+2bb+2b-2b-2bbbbbb-8b+1b+2b+2b-5bbbbbbbb0b+1b+2b+2b-4bbbbbbbbpbbbb+4bb+2bb+3bb-1bb+1bb+2bb+1b-1b-2bbbbbb-5b+2b+1b-3b+5bbbbbbbb-5b+2b+1b-3b+5bbbbbb+1bbbbbb+1b-9b+5b+4p-2b-2b+4b-9b+5b+4p-2b-2b+2bbbbbbbbpbbbb0b-7b+4b+3p-2b-1b+3b-7b+4b+3p-2b-1b+1bbbbbbbbpbbbb-5bb+2bb+3bb-1bb-2bb-2bb+10bbbbbbbb-1bb-2bb+3bbbbbb+2bbbbbb-3bbbbbbbbpbbbb0b-9b+5b+4p-2b-2b+4b-9b+5b+4p-2b-2b+2bbbbbbbbpbbbb+3b-9b+3b+6p-1b-2b+3b-9b+3b+6p-1b-2b+2bbbbbbbbpbbbb-7bb+4bb+3bb+3bb-2bb-1bb0bbb-2b-2b-1b-2bbbbpbb+7b-9b+5b+4p-2b-2b+2b-7b+4b+3p-2b-1b+1bbbbpbbbbbbbb+4b-9b+5b+4p-2b-2b+4b-9b+5b+4p-2b-2b+2bbbbbbbbpbbbb0b-7b+4b+3p-2b-1b+3b-7b+4b+3p-2b-1b+1bbbbbbbbpbbbb-5bb+2bb+3bb-1bb-2bb-2bb+10bbbbbbbb-1bb-2bb+3bbbbbb+2bbbbbb-3bbbbbbbbpbbbb0b-9b+5b+4p-2b-2b+4b-9b+5b+4p-2b-2b+2bbbbbbbbpbbbb+3b-9b+3b+6p-1b-2b+3b-9b+3b+6p-1b-2b+2bbbbbbbbpbbbb-7bb+4bb+3bb+3bb-2bb-1bb0bbb-2b-2b-1b-2bbbbpbb+7b-9b+5b+4p-2b-2b+2b-7b+4b+3p-2b-1b+1bbbbbbbbbb
61,whisper,bbbb-1bbbb-7bb+3bbbbbb+4bb0bb-2bbbb+2bb-2bbbbbb-5bb+3bb0bbbb0bb0bb-2bbbb-1bb+1bbbbbbbbpbbbb0bbbbpbb0b0b+7bb-3bbbb-4bb+7bbbbbb0bb-1bb-4bbbb-3bb+7bbbbbb-7bb+5bbbbbb0bb0bb+2bbbb+1bb
62,youdbesonice,bb+5bbpbbbb-2bbbbbbbb0bbbb-1b-2bb-1b+1bbbb-5bbbb0bbbb-1bb+1bb+5bbbbbbbb-2bbbb0b-3bb-2b-2bbbbbbbb0bbbb+2bb+2bb+1bbbbbb0bb-1bbbb0b+4bb+3b+3bbbbbb-3bb+1bbbb0b+2bb+1b+1bbbbbb-4bb+3bbbb-3bbb-1b0bbbbbbbb0bbbb-2bb+2bb+1bbbbbbbb-1bbbb0b-2bb-1b+1bbbb-5bbbb0bbbb0bb+1bb+4bb+3bb-3bbbb
63,pourtoi,b0b-7b0bbpbb0b+2bpbb-1b-2b+7b-7b0bbpbb0+2+1bb0b-1b-2b+7bbb+5bbbb-2b0bb0b+2b-2bb-2b-1b0bbpbb
64,whilewedream,b-1b-2b-2b+2bbb-2b-7b+2b+2bbbbbb0bbbb0b+3b+2bbbb-4b+4b+2bbbb-4bb+7bbbbbb-2bbpbb-8b0b+8bbbb-8b+3b+4bbbb-2bb-5bbbbbb0bbbb0b+3b+5bbbb-8b+3b+4bbbb-2bb-4bbbbbb0bb-1b+1bpbb+9bbb0b0b0b-2bbbb-10b+3b+7bbb-10b+3b+4b+2bbbb
65,vagyok,pbb+2b-2b+5b-3b-2b-3b-2bbbbbbbbpb0b+2b-2b+5b-3b-2b-3b-2bbbbbbbbpb-2b0b+2b0b+3b0b-3b+3bb0bb0b-3b+3b-3b+2bb0bb0b-4b+4b-4b+2bbbbbbbbpb+10b+2b-2b+5b-3b-2b-3b-2bbbbbbbbpb0b+2b-2b+2b-2b+2b-2b-2bbbbbbbbpb0b0b+2b0b-2b+2b+1b+1bbbbbbbbpb0b+5b-5b+3b-3b-9b+2b+3bbbbbbbb
66,mizpahshalom,pb+1b+4b+3b+5bbbb+2b+2b-5bbbb-2b+2b+1bbbbbb-3bb-11b+1b+3b+3b+6bbbb+1b+2b-5bbbb+2b-2b-5bbbbbb0bb+1bbbb+4bbbbbb-2bbb-3b+3b-2b0bbbb0bb+4bb+2bb+1bb+2bbb-3b-2-2bp+8bbbb-4b-2b-2bbbbbb0bb-8b+1b+4b+3b+5bbbb+2b+2b-5bbbb-2b+2b-2bbbbbb0bb
67,idreamed,pbb+5bb-1bb+1bb-1bb+1bb-1b+1b0bbb-1b-2bb-2bb+2bb-2bb+2bb-2b+2b0bbb-2b-2bb-1bb+1bb-1b0b+1bb-1bb-2bb-2bb+7bbbbbbbb0bbbbpbb+2bb+5bb-2bb+2bb-2bb+2bb-2b+2b0bbb-2b-1bb-2bb+2bb-2bb+2bb-2b+2b0bbb-2b-2bb+2bb+2bb-2bb-2bb+2bb0bb-4bb+2bbbbbbbbpbb0bb+5bb-1bb+1bb-1bb+1bb-1b+1b0bbb-1b-2bb-2bb+2bb-2bb+2bb-2b+2b0bb-2b0b-2bb-1bb+1bb-1bb+1bb-1bb-2bb-2bb+7bbbbbbbb0bbbbbbbb
68,messiah,pbb-1bb-2b-2bb+2b+2bbb+1bbb+2bb-3b+3bbb0bb0b-2bb-1b-2bbbbbb0bbb+3bb-1b-2bbbbbb0bbbpbb+3bb-1b-2bb+2b+1bbb+2bbb+2bb-4b+4bbb0bbb+2bbb+1bb-5b-3bbb0bbb+3bb-2b-1bbbbbb0bbbpbb0bb-2b-2bb+2b+2bbb+1bbb+2bb-3b+3bbb0bbb+2bbb+1bb0b-1bb-2b-2bbb-1bbb+5bbbbbb0bbpb
69,itallcomes,pbbbbbbbbpbb0bbb0b0bb-4bb-1bbbb0bbb-2b+2b0b+3b-2b-3bbb0b+2b0b+3b-2b-3bbb-5b+3bbbbbbbb0bbbbbb+9bb0bbb0b0bb-4b-3bpbbbbbbbb
70,getoveryou,bb-2bb-3bb-2bb-2bb-3bb-2b+2b+3b-3b
71,es,bpb+3b0b-2b0b-1b0b-2b+2b+1b-6bb+3bbbbpb+3b0b-1b0b-2b0b-2b+2b+2b-5bb+3bbbbpb+3b0b-1b0b-2b0b+2b+1b-3b+3bb-1bbbbbb0bbbbpbbbb+5bbbb0b0b0b+8b0b-1b0b-2b0b-2b0b-1b-7bb+3bbb0b0b+9b0b-2b0b-2b0b-1b-2b-2b-3bb+3bbb+2b0b+5b0b-2b0b-1b0b-2b-2b-2b+4bbbb-2bbbb0bbbbbbpbb+2bbbbbbpb0b+8b-1b0b-2b0b-2b0b-1b-7bb+3bbbbpb0b+9b-2b0b-2b0b-1b-2b-2b-3bb+1bbbbbbpbb-3bb+2bb+1bb-3bb-2bbbbbb0bbbbbbbbpbbbbbbbb
72,iloveyouyesido,pbbbb0bb0bb0bbb-3b0bbbb0bb+2bb0bb0bb0bbb-4b-4bbbbbb-3bb+5bb-2bb0bbb-2b0bbbbpbbbb-5bb+2bb
73,kalamazoo_warren,bbbb0bbbb0bb0bb0bbbb0bb0bb0bbbb0bb0bb0bbbb0bb0bbb+4b+3bb+5bb0bbbbbbbb0bbbbbbbb-3bbbbbbbb-2bbb-7b0bb0bb0bbbbbbbb0bbbbbbbbpbbbbbb+7bb0bbb-2b-3bb+5bb0bbb-2b-3bb+5bb0bbb-2b-3bb+5bb0bbbbbb-2bb-1bbb-4b0bb0bb0bb0bbbb0bb0bb0bbbb0bb0bb0bbbb0bb0bbb+4b+3bb+5bb0bbbbbbbb0bbbbbbbb-3bbbbbbbb-2bbb-7b0bb0bb0bbbbbbbb0bbbbbbbbpbbbbbb+7bb0bbb-2b-3bb+5bb0bbb-2b-3bb+5bb0bbb-2b-3bb+5bb0bbbbbb-2bb-1bbb-4b0bb0bb0bb0bbbb0bb0bb0bbbb0bb0bbpbb
74,keeponsingingtwo,bbpbb+9bb0b0b0bb0bb+1b-1bbb0bbb-4b+2bbb-2b+2b+2bbb-7bbbb0bbb0b+5bb0b-2b+2bb0bb+2b-2bbb0bbb-7b+2b+3b0b-3b+3b-5b+2b-2b0bbbb0bbb0b+9bb0bb0bb0bb+1bb-1bb0bb0b-4b+2b0bbb0bb+2bb-7bbbb0bbb0b+5b0b0bb0bb-2b+4b0b-2bbb0b-7b0b0b+2bb+3b-3b+3b+2bb-2b0bbbb0bb+2bb+2b0bbb-2b-2bbb+4b0bbb-2b-2bb0b+2b-2b+2b-2b+2bb+2bb-7bbbbbbbb+5bb0b-2b+2b-2b+2b-2b+4b0bbb-2b-7b0b0b+2bb+3b0b0b-3b+3bb0bbbbpbbbb
75,beginthebeguine,pbbbbbbbbbbbbbbbbbbbb+2bbbb+5bbbbbbbb0bbbbbbbb0bb-3bbbb-2bb+2bbbbbbbbbbbbbbbb0bbbbbbbb+1bbpbb-5bbbb0bbbb+2bbbb+7bbbbbbbb+2bbb-2b+2bbb-2b+2bbb-2b+2bbb+1b+2bbb-1b+1bbbb-2bb-1bbbbbb-2bbb-1b+1bbb+2b+1bbb-1b+1bbb+2b+1bbbb-1bbbb-2bb-1bbbbbb-2bbbbbbbb0bbbb-2bb-2bb0bbbb0bbbb0bbbb0bbbb0bbbb-3bbb+2b+1bbb-1b-2bbb+2b+1bbb-1b-2bbb+2b+1bbb+2b-2bbb-3b-2bbbbbbbbbbbbbbbb
76,reich,pbbb+2b+1b-1b-2bpbbb0b+2b+1b-1b-2bpbbb0b+2b+1b-1b-2bpb+5bpb-2bpb-1bpb-2bpbbb0b+2b+1b-1b-2bpbbb0b+2b+1b-1b-2bpbbb0b+2b+1b-1b-2bpb+5bpb-2bpb-1bpb-2bpbbb0b+2b+1b-1b-2b0bbb0b+2b+1b-1b-2b0bbb0b+2b+1b-1b-2b0b+5bb-2bb-1bb-2b0bbb0b+2b+1b-1b-2b0bbb0b+2b+1b-1b-2b0bbb0b+2b+1b-1b-2b0b+5bb-2bb-1bb-2b0b
77,kalamazoo_arnstein,bbb-5bbb0b-3bbbb0bbb0b0bb-4bb+4bb+3bb-7bb-5bb+5bb+4bb0bb-4bb+4bb+3bb-7bb-5bb+5bb+4bb+8bbpbb-5b+2b+2b-4bbpbb+5bbbbpb0b+2b-2bpb-8b0b0b0bbbb+8bbbb0b0b+2b-3bpb-8b0b0b0bbbb+9bbbb0b0b+2b-3bpb-9b0b0b0bbbb+10bbbb0bpb-12b0b0b0b-2b0b0bpb+9b0b0b0bbbb-9bbbb0b0b0b0bpb+8b0b0b0bbbb-9bbbb0b0b0b0b+8b0b0b0b0bbbb-9bbbb0b0b0b0bpb+8b0b0b0bbpbb-9bbbbbbpbb+12b+2b+2b+1bbbbpb-3b-2b-2b-1bbbb0b+5b-2b-2b0b+4b-2b-2b-1b+5b-2b-2b-1b+5b-2b-2bpbb-7bbbbbbpbb0bbbbbbpbb-1bbbbbbpbb-2bb-1bbpbb
78,pourtoi,b0b-7b0bbpbbb0+2p+1bbb-1b-2b+7b-7b0bbpbbbbbb0+2+1bb0b-1b-2b+7bbb+5bbbbbbbb-2b0bb0b+2b-2bb-2b-1b0bb
79,whereareyou,pbb+2bb+1bbbb-1bb0bbbbbb-2bb0bb0bbbbpbbbb+2bbbb0bb+1bbbb-1bbbb-2bb0bbbbpbbbb0bb+2bb+1bbbb-1bb0bbbb+3bbbbbb-3bbb0b-2bbbbpbbbbbbbb+3bb-1bbbb-2bb0bbbbbbbbpbbbbbbbb
80,sadness,bbbb-1bbbb-2bbbb-5bbbb-4bb+4bb-2bbbbbbbbbbbb0bbbbbbbbbbbb+9bbbbbbbb-3bbbb-4bbbb-2bbbb-2bb-1bb-2bbbbbbbbbbbb0bbbbbbbbbbbb+15bbbbbbbb-1bbbb-2bbbb-5bbbb-4bb+4bb-2bbbbbbbbbbbb0bbbbbbbbpbbbb+2bbbb+2bbbb+2bbbb+3bbbbbbbb-3bbbb+1bbbbbbbbbbbb0bbbbbbbbpbb0bb-2bb+2bb-2bbbbbb-5bbpbbbbbbbbbbbb+3bbb-1b0bbbbbb0bbpbbbbbbbbbbbb+3bb+2bb-2bbbbbbpbb
81,littlespanishtown,b-9b+5b+4b0b-2bb-2b+4b-9b+5b+4b+5b-7bb0b-2bbbbbb+2bbpbb0b-7b+4b+3b0b0b-3bpb+3b-7b+4b+3b0b0b-3bpb+1bbpbb0bbpbb0bb-8b+5b+2b-2bpbb+3bb-8b+5b+2b-2bpbb+2bb-7bbbbbb0bbbbbbpbb+7bbbb-7b+7b-2b-2b+4bbbb-7b+7b-2b-2b+2bb-5bbbbbb0bbbbbbpbb
82,someday_prince,bbbb+5bbbb-4bb+3bbbb-2bb0bbbbbb0bbbbbb+8bbbb-4bb+3bbbb-2bb0bb+2bb+1bb+2bb0bb0bb+4bb0bb0bb-4bbbbbb0bb-3bb+1bb+2bb0bb0bb+4bb0bb0bb-4bbbbbb0bbpbb-12bbbbbb+5bbbb-4bb+3bbbb-2bb0bbbbbb0bbbbbb+8bbbb-4bb+3bbbb-2bb0bb+2bb+1bb+2bbbb0bb+7bbbb-2bb-11bbb+1b-1b+1b+9bbbb-2bb-2bb0bb0bb0bbbb0bb0bbbbbb0bbbbbb
83,loopdilove,pbbbbbbbbbbbbb0b+2b+2b-4bbpbbbbbbbb0bbb0b+2b+2b-4bbpbbbbbbbb+2bbb+2b+1b-1b-2bbpbbbbbbbb-2bbb0b+2b+2b-4bbpbbbbbbbb-3bbb+2b+1b-1b-2bbpbbbbbbbb0bbb+2b+1b-1b-2bbpbbbbbbbb+3bbb0b+2b+2b-4bbpbbbbbbbb0bbb0b+2b+2b-4bb
84,heartbeat,bb-2bb-3bb-2bb-2bb-3bb-2b+2b+3b-3b
85,keeponsinging,bb0bb0bb-2bb-2bb+2bbbbbb-4bb+4bb-2bb-2bb+4bbbbbb0bb-2bbbb0bbbb0bbbb0bb0bb+2bb-7bbbbbbbbbbbb+5bbbb0bb-2bb-1bb+3bbbb0bb+5bbbbbbbbbbbbbb-2bbbb-1bbbbpbb0bbbb-2bbbb-2bbbb+4bbbbbbbbbbbbbbbb0bb0bb0bb0bb0bbbbbb0bb0bb0bbbbbbbbbb0bb0bb-2bb0bbbb0b0b0bb+2bbbb-2bb-5bbbbbbbbpbbbb+5bb0bb0bbbb0bbbb0bb+5bb0bbbb0bb0bb0bbbb-2bb-1bbbb0bb0bb0bb-2bb-2bb+2bbbbbbbbbb-4bb0bb0bb0bb0bbbbbb+2bbbbbb+1bb0bbbbbb0bbbb-1bbbb-2bbbbbb+2bb0bbbb
86,bisschenfrieden,pbbbb0bb+1b+2bb0bb0b+2bb-2b+4bb0bb0b0bb+1b+2bb0bb-2b-1bb-2b0bb-2bb-3b0bb+1b+2bb0bb0b+2bb-2b+4bb0bb0b0bb+1b+2bb0bb-2b+4bb-2bb-2bbb-8b0bb+1b+2bb0bb0b+2bb-2b+4bb0bb0b0bb+1b+2bb0bb-2b-1bb-2b0bb-2bb-3b0bb+1b+2bb0bb0b+2bb-2b+4bb0bb0b0bb+1b+2bb0bb-2b+4bb-2bb-2bbbbbbb
87,el_rancho_anonymous,b+12bpb0b0bpb-1b0bpb-2bb+3bpb+2b-2b+2b+1b+1bb-6bb0bbpb-10b+2b-2b-1b+1bpbb+10bpb-3bbpb-7bpb+2bpb-2b+2bpb-2b+9bpb-4bb-5b+2b-2bpb-3b+3b+5bb+4bb0b-9bb+5b+4bpb+3bbbb-2bb-1bb+3b-8bbb0b-4b+4b+3bb+9bbbb-2bb-2bb-2b-1bbpbb0bpb-9b+5b+4bpb+3bbbb-2bb-1bb+3b-8bbb0b-4b+4b+3b+9bbbb-2bb-2bb-2b-1bbpb
88,blessees,pbbbbbbbbbbb+1b+2bbbbbbbbbb+2bb-5bbbbbbbbbb+1bb-3bbbbbbbbbb+2b+1b-3bbbbbbbbbb+2b+1b
89,shalom,bbbb+12bbbb0bb0bbbb0bb+1bbbb-1bb-4bbbb+4bb+1bbbb-1bb-2bbpbb0bbbbpb0bbpbb-10bbpbbbb0bb+10bbbb0bb0bbbb0bb+2bbbb-2bb-3bbbb+3bb0bbbbpbb0bb-3bb+2bbpbbbb+1bb-1bbbbpbb-1bb0bpb-3bbpbb+12bbbb0bb0bbbbpbb0bb+2bbbbpbb-2bb-3bbbb+3bb+2bbbb-2bb-4bb+3bbpbbbb+1bbpbb-5bbbbbbpb0bb0b-12bb+12bbbb0bb0bbbb0bb+1bbbb-1bb-4bbbb-1b-1b-1bb+2bb+1bb+1bb+3bb-2bb+5bbbb-3bbpbbbbb-4bbbb-1bpb-1bpb-1bb+2bb+1bb+1bb+3bb-2bb+9bbbb-3bb-3bbbb-1bb+3bbbb-3bb-3bb+1bbb-3b-5bbbbbbbbbbbb
90,ilpostino,pbbbb+3b-3b0bbbbb-3b+5b-5b-2bbbbb0b+2b-2b0bbb-2b-1b+1b+7b-7b-8bbbbb0b+1b-1b0bbb-2b-1b+1b+5b-8+3bb-2bb-1b+1b+4b+3b+5bb-1b+1b-3bbb+2b-4bbbbpb-15b+3b-3b0bbbbb-3b+3b-3b0bbbbb0b+2b-2b+2bbb-2b-2b-1b+8b-8b+1bbbbpb+12b+2b-2b-1b-9b+9b-9b+9bbbbpb0b+3b-3b-2b-7b+7b-7b+7bbbbpb0b-2b-1b+1bbbbbbbb
91,superstring,p+2b+1b-3bp-2bbp+2bp+2b+1b-3bp-2bb
92,greengrassgrows,p+2bbbbbb+1bbbb-3bbbbb-2b0bbbbbbpbbbb+2bbbbbp+2bbbbbb+1bbbb-3bbbbbb-2bbbbbb
93,starlight,bb+5bb-1bb-5bb-1bb+5b0b-1b0b-5bb+3b-2b+2b-2b-1bb-1bb+1bbbb0bpb+3bb+5bb-1bb-5bb-1bb+5bb-1bb-5bb
94,chatterbox_jerome,b+3b-7bb+4b+3b-7bb+4b+3b-7bb+2b+3b-10bb0bb0bbbbbb+7b+3b-10bb+7b+3b-10bb+7b+3b-10bb+5b+4b-9bb0bb0bbbbbb0bb+2bb+2bb+1bb+2bb-2bb-1bb+8bb0bb0bbbbbb-2bb+2bb-2bb+2bb-2bb+2bb-2bb-1bb0bb0bbbbbb0b+3b-8bb+5b+3b-7bb+4b+3b-7bb+2b+3b-10bb0bb0bbbbbb+7b+3b-10bb+9b+1b-10bb+7b+3b-10bb+5b+4b-9bb0bb0bbbbbb
95,amothersprayer,bb+5bb+2bbpbb+1bb-1b-2bbbbbbbb0bb-1bb+1b+2bbb-5b+2bbbbbbbbpbb-4bb+10bb-2b-1bbbbbbbb0bb-2bb+2b+1bbb-1b-2bbbbbbbbpbb-5bb+12bb-2b-2bbbbbbbb0bb+2bb+2b+1bb-1b-2bbbbbbbb0bb+2bb+1b-1bb-12bb+4bb+3bb+5bb-2bb-3bbbb-2bbbbbbbbbbbb-5bb+5b+2b+1bbb-1b-2bbbbbbbb0bb-1b+1b+2bbb-5b+2bbbbbbbbpbb-4bb+10bbb-2b-1bbbbbbbb0bb-2b+2b+1bbb-1b-2bbbbbbbbpbb-5bb+12bbb-2b-2bbbbbbbb0bb+2b+2b+1bbb-1b-2bbbbbbbb0bb+2b+1b-1bb-12bb+4bb+3bb+5bb-2bb-2bbbb-3bbbbbbbbbbbbpbbbb
96,lady_love,bb-2bb-1bb-3bb+1bbb+3b+7bbbbbb-1bbbbbb-2bb-2bb-3bb-5bb+1bbb+4b+7bbbbbb-2bbbbbb-2bb-2bb-4bb+1bbbbbb+9bb-2bb-6bb+1bbbbbb+10bb-2bb-1bb-2bbb0b+2b+1b+4bbbbbb-2bbb-2b-1b-2b-2bb-2bb-1bb-3bb+1bbb+3b+7bbbbbb-1bbbbbb
97,feelings,bb-7bb0bbbbbbbbbbbb+5bbbbbbbb-5bb+2bb+1bb-3bb+7bb-7bb0bbbbbbbbbbbbpbbbbbbbb0b+2b+1b-3b+7bbbbbb0b-2b-2bbbbbbbbpbbbbbbbb-1bb+1bb+4bbbbbbbbbbbbbbbbpbbbbbbbbbbbbbbbb+5bbbbbb-9bb0bbbbbbbb0bbbbpbb+9bb-2bb-2bb-1bb+1bb+2bbbbbbbb0bbpbb-2bb-1bb-2bb+3bbbbbb0b-1b+1bbbbbbbbpbbbb0bb-1bb-2bb-2bb+2bb+2bbbbbbbbbbbbbbbbpbbbbbbbbbbbbbbbb
98,evangelimann,pbbbbbb0b-1b+1b+9bb-4b0bbb-1bb-4b0b-1b+1b+10b-1b-1b0bbb+1bb-6b0b-2b+1b+10bb+2b-2bbb-2bb0b-1bb-2b-2bb+2b+2bbb
99,howdeepisyourlove,b+5b+2b+2bb0b-4b+2bb+2b-2bbbpbb+1b+1b+2b+1b0b0b0b-3b+2bb+1b-3b0bbpbb+2b+1b+2b0b0b0b-3b+3b+2bb-2b0b-3bb-4b0b0b+2b+2b+1b0b0b0b+2bb-3b-2b0bbpbb-2b0b+9b0b0bb0b0b+3b-3b+5b0b-3bb-4b0b0b+2b+3b0b-3b-2b+2b0b-2b-3b+3b
100,sanfranciscobrewingad,bb+3bb0bb+2bb+3b-3b+3b0bb-2b-3b-4b+4bbbbpb+3b+2b-2b+3b-1b-2b-2b+2bb+2bb-14bb+4bb0bb+3bb+5b+2b-2b-3b0b-2b-2b-3b-2bb+12bb0bb-2b-1bpbbbbbb-5bb+5bb0b
101,alla_rancho,bpb+3b0b0b-2b0b-1bb0b+1b-1b+1b+1b+1b-5bb-3b+3b-2b-1b+3b+5b0bb-5b+5b0b-2b0b-1b-4bbb-5bb+5b+4b+3bb-2b-1b+3b-8bbb-4bb+4b+3b+3bb-1b-2b+2b-4bbb-5bb+5b+4b+3bb-2b-1b+3b-8bbb-4bb+4b+3b+3bb-1b-2b+2b-4bbb
102,gumtree,b0b0b0b+2bb0b0b-2bb-3bb+3bb-3bb+12b0b0b0b+1bb0b0b-1bb-4bb+4bb-4bb0bbbb-3b+2b+1b-3b-2bbbb-3b+1b+2b-2b-1bb-4bb0bb0bb0bbbbbbbb
103,diesererde,pbbbb0b+1bb+2bb0bpb0b+2b-2bpb0bb-2bpb-3b0b+2bpb+1bb0bpb0b+2b-2bpb0bb-1bpb0b0b+1bpb+2bb0bpb0b+2b-2bpb0bb-2bpb-3b0b+2bpb+1bb0bpb0b+2b-2bpb0bb-1bpb0b0b+1bb+2bb0bpb0b+2b-2bpb0bb-2bpb-3b0b+2bpb+1bb0bpb0b+2b-2bpb0bb-1bpb0b0b+1bpb+2bb0bpb0b+2b-2bpb0bb-2bpb-3b+3b+2bpb-2bb0bpb+4b-2b-2bpb0bbb-1bbbbb
104,mitternachtstango,b-1b+1b+9bb-2b-2b0bb-1bbbbpbb-4bb-1b+1b+10bb-1b-1b+1bbbpbbbb-4bb0b+4b+3bb0b+2b-2bb-2bbbpb+2b-2b-1bb-1b+1b+1bb-1b-2b-2bbb
105,mygodandi,bbb+3bbb0b-7bb+4bbbb+3bbbbbb-3bb+3bbb0b-2bbb-1b0bbbbbb-4bb+4bbbb-2bbb-2b+4bbbb-2bbbbpbb0bb0bbb+2b-4bbbb-1bbbbbbbb0bbb+1bpbbbbbbbbbb+5bbbbbb0bb+4bbb0b-2bbb-2b-3bbbbbbbb+3bbbb-1bbb-2b+2bbbbbbbbpbb0bb+1bbb+2b-7bbbbbbbbbbbb+2bbb+2b+5bbbbbb0bb+3bbb0b-1bbb-2b-4bbbbbbbb+4bbbb-2bbb-2b+4bbbbbb0bb+3bbb0b-1bbb-2b-4bbbbbb0bb+4bbb0b-2bbb-2b+4bbbb-2bbbbbb+9bb-4bb-5bb-2bbbb-1bbbbbb+3bb0bb-3bb+7bbbbbb-2bb-2bbb0b-2bbb-3b+5bbbbbb-2bb-1bbb0b-2bbb-3b+1bbbbbbbb0bbbbbbbb
106,janine,pbbbbbbbbbbb+1b+2bbbbbbbbbb+2bb-5bbbbbbbbbb+1bb-3bbbbbbbbbb+2b+1b-3bbbbbbbbbb+2b+1b
107,begood,b+1b-1b-4b+2bb-2b-2bb-3bb-3bb-2bbb
108,sanfranciscobrewingad,bb+3bb0bb+2bb+3b-3b+3b0bb-2b-3b-4b+4bbbbpb+3b+2b-2b+3b-1b-2b-2b+2bb+2bb-14bb+4bb0bb+3bb+5b+2b-2b-3b0b-2b-2b-3b-2bb+12bb0bb-2b-1bpbbbbbb-5bb+5bb0b
109,hessofine,pbbbbbb-3b-2b0bbbbbbbb0bbpbb+5b0b-3b-2b+2bbbbbbbb-2bbpb+5b0bb-3bb-2b+2b-4b+2b0bbbb0bbpb+5b0bb0b-3b0bb-4bb+4b-2bbbpb+5b0b+2b+3b-5b+5b-3bpbbbb+3bpb-5b+2bb+5b-2b0b-3b+3bbbbbbbbpb-5b+2bb+3b-3b+3bb+2bb-5b0b+3bbbbpb-5b+2b+3b0b-3b+3b0b0bbbbbbbbpb-5b-3b+3b0b0bb-3b-2bbbbbbbb0bbpbb+5bb-3bb-2b+2b-4b+2b0bbbbpbb0bbpbb+5bb-3bb-2b+2b-4b+2b0bbbb0bbpb0b-2b+7bb-3b-2b+2b-4b+2b0bbbb
110,mysweetlord,pbbbbbbbb0b-3bb0b0bbpbb+3bbb0b-3b-2b+2b-2bbpbb+5bbb0b-3b0b0b-2bbpbb+2b+3b+2b+3b-3b+3bb0bbpbbbb-5b+2b+3b-3b+3bb0b0bpbbbb-5b+2b+3b-3b+3bb0b0b0b-8b+1b+2b0b+3b-1b-2b0b-3b-2b0b0bbpbb+5bb-3b0b0bb0b
111,hessofine,pbbbbbb-3b-2b0bbbbbbbb0bbpbb+5b0b-3b-2b+2bbbbbbbb-2bbpb+5b0bb-3bb-2b+2b-4b+2b0bbbb0bbpb+5b0bb0b-3b0bb-4bb+4b-2bbbpb+5b0b+2b+3b-5b+5b-3bpbbbb+3bpb-5b+2bb+5b-2b0b-3b+3bbbbbbbbpb-5b+2bb+3b-3b+3bb+2bb-5b0b+3bbbbpb-5b+2b+3b0b-3b+3b0b0bbbbbbbbpb-5b-3b+3b0b0bb-3b-2bbbbbbbb0bbpbb+5bb-3bb-2b+2b-4b+2b0bbbbpbb0bbpbb+5bb-3bb-2b+2b-4b+2b0bbbb0bbpb0b-2b+7bb-3b-2b+2b-4b+2b0bbbb
112,mysweetlord,pbbbbbbbb0b-3bb0b0bbpbb+3bbb0b-3b-2b+2b-2bbpbb+5bbb0b-3b0b0b-2bbpbb+2b+3b+2b+3b-3b+3bb0bbpbbbb-5b+2b+3b-3b+3bb0b0bpbbbb-5b+2b+3b-3b+3bb0b0b0b-8b+1b+2b0b+3b-1b-2b0b-3b-2b0b0bbpbb+5bb-3b0b0bb0b
113,hessofine,pbbbbbb-3b-2b0bbbbbbbb0bbpbb+5b0b-3b-2b+2bbbbbbbb-2bbpb+5b0bb-3bb-2b+2b-4b+2b0bbbb0bbpb+5b0bb0b-3b0bb-4bb+4b-2bbbpb+5b0b+2b+3b-5b+5b-3bpbbbb+3bpb-5b+2bb+5b-2b0b-3b+3bbbbbbbbpb-5b+2bb+3b-3b+3bb+2bb-5b0b+3bbbbpb-5b+2b+3b0b-3b+3b0b0bbbbbbbbpb-5b-3b+3b0b0bb-3b-2bbbbbbbb0bbpbb+5bb-3bb-2b+2b-4b+2b0bbbbpbb0bbpbb+5bb-3bb-2b+2b-4b+2b0bbbb0bbpb0b-2b+7bb-3b-2b+2b-4b+2b0bbbb
114,mysweetlord,pbbbbbbbb0b-3bb0b0bbpbb+3bbb0b-3b-2b+2b-2bbpbb+5bbb0b-3b0b0b-2bbpbb+2b+3b+2b+3b-3b+3bb0bbpbbbb-5b+2b+3b-3b+3bb0b0bpbbbb-5b+2b+3b-3b+3bb0b0b0b-8b+1b+2b0b+3b-1b-2b0b-3b-2b0b0bbpbb+5bb-3b0b0bb0b
